MA_GIAO_DICH,MA_KHACH_HANG,MA_SAN_PHAM,KHU_VUC,SO_LUONG,DON_GIA,THOI_GIAN
GD_100001,KH016,SP06,MIEN_TRUNG,33,7001566.74,2026-01-10 23:09:40
GD_100002,KH029,SP07,MIEN_TRUNG,36,3619840.61,2026-03-17 09:32:42
GD_100003,KH099,SP08,MIEN_TRUNG,29,2337584.18,2026-03-01 15:11:58
GD_100004,KH011,SP02,MIEN_BAC,7,31838895.46,2026-03-21 02:32:04
GD_100005,KH088,SP08,MIEN_TRUNG,21,2330453.92,2026-01-25 10:04:04
GD_100006,KH045,SP06,MIEN_BAC,48,6909375.41,2026-01-08 09:50:17
GD_100007,KH093,SP06,MIEN_NAM,36,6926264.66,2026-01-28 22:09:39
GD_100008,KH059,SP03,MIEN_TRUNG,46,8683953.05,2026-01-31 00:01:09
GD_100009,KH004,SP06,MIEN_BAC,30,6846330.07,2026-02-08 17:12:33
GD_100010,KH075,SP08,MIEN_NAM,28,2401526.10,2026-03-14 19:58:07
GD_100011,KH077,SP08,MIEN_BAC,34,2342074.42,2026-02-10 18:35:31
GD_100012,KH073,SP08,MIEN_TRUNG,34,2473241.55,2026-02-25 21:03:00
GD_100013,KH029,SP03,MIEN_NAM,46,8519734.06,2026-03-07 02:20:19
GD_100014,KH014,SP07,MIEN_BAC,10,3493739.59,2026-01-23 05:26:21
GD_100015,KH016,SP08,MIEN_TRUNG,31,2451485.60,2026-02-22 23:24:55
GD_100016,KH033,SP07,MIEN_TRUNG,20,3516851.99,2026-03-04 19:18:00
GD_100017,KH065,SP08,MIEN_BAC,28,2328607.52,2026-03-22 18:19:56
GD_100018,KH035,SP01,MIEN_NAM,10,25389106.77,2026-02-27 23:44:50
GD_100019,KH059,SP08,MIEN_BAC,13,2342426.52,2026-02-17 03:27:29
GD_100020,KH060,SP08,MIEN_BAC,36,2439335.41,2026-01-04 06:20:24
GD_100021,KH038,SP06,MIEN_BAC,7,6857531.22,2026-03-11 13:36:32
GD_100022,KH066,SP05,MIEN_BAC,12,2041117.22,2026-03-23 19:01:37
GD_100023,KH094,SP08,MIEN_NAM,42,2343951.87,2026-02-18 09:24:16
GD_100024,KH048,SP02,MIEN_NAM,48,33141239.27,2026-01-15 05:02:25
GD_100025,KH058,SP01,MIEN_NAM,1,24878075.80,2026-02-23 01:38:53
GD_100026,KH011,SP04,MIEN_NAM,8,1872398.81,2026-03-14 23:56:56
GD_100027,KH070,SP05,MIEN_TRUNG,49,1976404.65,2026-01-16 00:37:08
GD_100028,KH001,SP06,MIEN_TRUNG,38,6951255.68,2026-03-31 22:12:34
GD_100029,KH063,SP03,MIEN_TRUNG,15,8477036.00,2026-01-13 17:45:21
GD_100030,KH077,SP05,MIEN_NAM,27,1982868.20,2026-01-14 03:22:45
GD_100031,KH076,SP05,MIEN_TRUNG,27,1928629.42,2026-01-15 10:06:52
GD_100032,KH067,SP04,MIEN_BAC,1,1934882.53,2026-02-07 19:14:47
GD_100033,KH010,SP01,MIEN_BAC,42,24633507.02,2026-03-16 17:08:36
GD_100034,KH004,SP01,MIEN_TRUNG,31,24569400.13,2026-01-30 11:36:23
GD_100035,KH058,SP06,MIEN_NAM,32,7209659.69,2026-02-25 11:58:01
GD_100036,KH080,SP03,MIEN_NAM,38,8516671.67,2026-02-12 02:22:43
GD_100037,KH080,SP06,MIEN_BAC,39,6715995.29,2026-03-11 00:28:36
GD_100038,KH009,SP07,MIEN_NAM,13,3551530.66,2026-01-17 19:58:01
GD_100039,KH006,SP01,MIEN_BAC,49,25352131.82,2026-02-16 23:25:50
GD_100040,KH092,SP01,MIEN_NAM,42,25074841.38,2026-03-18 06:08:07
GD_100041,KH067,SP03,MIEN_NAM,43,8792718.52,2026-02-07 20:41:57
GD_100042,KH035,SP07,MIEN_TRUNG,27,3628816.08,2026-02-07 04:53:11
GD_100043,KH040,SP03,MIEN_BAC,12,8298927.14,2026-02-18 07:29:51
GD_100044,KH100,SP07,MIEN_BAC,30,3386936.80,2026-02-20 10:08:18
GD_100045,KH062,SP08,MIEN_NAM,34,2471184.59,2026-03-19 08:28:24
GD_100046,KH036,SP02,MIEN_NAM,15,30415698.67,2026-01-10 00:59:03
GD_100047,KH059,SP06,MIEN_BAC,35,7095486.55,2026-03-24 11:27:47
GD_100048,KH086,SP03,MIEN_NAM,23,8794559.25,2026-02-04 03:31:27
GD_100049,KH072,SP04,MIEN_NAM,40,1889962.32,2026-02-23 23:06:26
GD_100050,KH097,SP04,MIEN_TRUNG,19,1861623.81,2026-03-07 01:55:45
GD_100051,KH072,SP03,MIEN_NAM,17,8156966.13,2026-02-12 08:04:36
GD_100052,KH022,SP02,MIEN_TRUNG,4,32829160.75,2026-03-12 03:13:00
GD_100053,KH024,SP02,MIEN_TRUNG,21,31285715.43,2026-03-23 07:15:46
GD_100054,KH009,SP05,MIEN_BAC,11,1903367.37,2026-01-07 02:31:07
GD_100055,KH002,SP07,MIEN_BAC,27,3662901.46,2026-01-06 13:32:44
GD_100056,KH013,SP04,MIEN_NAM,20,1780258.76,2026-03-08 14:05:29
GD_100057,KH072,SP06,MIEN_BAC,50,6869670.85,2026-03-02 18:03:04
GD_100058,KH084,SP01,MIEN_BAC,21,25269464.13,2026-02-27 16:15:15
GD_100059,KH060,SP07,MIEN_TRUNG,8,3565262.21,2026-03-25 14:58:34
GD_100060,KH065,SP05,MIEN_BAC,19,2037177.41,2026-02-04 14:16:51
GD_100061,KH008,SP07,MIEN_NAM,19,3568355.22,2026-01-29 02:42:49
GD_100062,KH094,SP02,MIEN_BAC,50,31733236.82,2026-02-26 20:33:39
GD_100063,KH003,SP06,MIEN_NAM,36,6593740.15,2026-01-11 22:22:17
GD_100064,KH021,SP02,MIEN_NAM,3,30802182.26,2026-02-04 08:58:28
GD_100065,KH077,SP05,MIEN_NAM,28,1965234.80,2026-02-04 13:28:24
GD_100066,KH054,SP07,MIEN_BAC,16,3596809.79,2026-03-06 07:57:13
GD_100067,KH029,SP03,MIEN_NAM,35,8099154.55,2026-03-11 15:21:09
GD_100068,KH070,SP07,MIEN_BAC,10,3404889.53,2026-01-02 14:40:15
GD_100069,KH036,SP08,MIEN_BAC,17,2510034.95,2026-01-14 11:05:42
GD_100070,KH081,SP02,MIEN_NAM,36,30521628.20,2026-03-26 02:13:14
GD_100071,KH066,SP05,MIEN_BAC,41,1953987.54,2026-03-14 03:31:48
GD_100072,KH041,SP01,MIEN_TRUNG,1,25319645.39,2026-01-24 13:46:48
GD_100073,KH061,SP01,MIEN_NAM,44,25021550.63,2026-01-15 15:29:54
GD_100074,KH096,SP07,MIEN_TRUNG,24,3657849.97,2026-01-23 13:47:38
GD_100075,KH072,SP05,MIEN_BAC,13,1925571.67,2026-02-14 14:10:16
GD_100076,KH082,SP08,MIEN_TRUNG,31,2495285.35,2026-03-07 09:08:37
GD_100077,KH075,SP05,MIEN_NAM,11,1974963.24,2026-01-15 22:19:57
GD_100078,KH063,SP01,MIEN_BAC,34,25505871.48,2026-03-19 05:20:16
GD_100079,KH005,SP03,MIEN_NAM,20,8391874.79,2026-03-12 23:22:21
GD_100080,KH034,SP03,MIEN_TRUNG,48,8160638.82,2026-03-29 17:19:20
GD_100081,KH003,SP04,MIEN_TRUNG,38,1814241.45,2026-01-05 08:01:33
GD_100082,KH051,SP07,MIEN_TRUNG,34,3609216.35,2026-03-06 06:02:06
GD_100083,KH021,SP02,MIEN_NAM,10,32744242.96,2026-02-02 09:22:03
GD_100084,KH071,SP05,MIEN_BAC,3,1996279.36,2026-03-06 07:11:21
GD_100085,KH025,SP03,MIEN_BAC,19,8534990.52,2026-02-04 16:23:26
GD_100086,KH018,SP07,MIEN_NAM,48,3545436.13,2026-03-24 06:22:23
GD_100087,KH078,SP08,MIEN_BAC,23,2474910.80,2026-03-29 14:06:31
GD_100088,KH100,SP03,MIEN_TRUNG,34,8100085.86,2026-01-31 13:14:21
GD_100089,KH070,SP03,MIEN_NAM,2,8829113.58,2026-02-20 00:01:07
GD_100090,KH086,SP01,MIEN_BAC,5,24669991.33,2026-01-21 23:45:44
GD_100091,KH069,SP03,MIEN_TRUNG,40,8285931.81,2026-01-11 07:37:29
GD_100092,KH042,SP08,MIEN_NAM,47,2297551.46,2026-01-26 11:50:06
GD_100093,KH079,SP05,MIEN_TRUNG,8,1920320.82,2026-03-30 07:17:14
GD_100094,KH064,SP02,MIEN_TRUNG,34,31190485.90,2026-02-04 19:46:43
GD_100095,KH088,SP08,MIEN_TRUNG,23,2299811.87,2026-03-17 15:18:32
GD_100096,KH012,SP08,MIEN_BAC,17,2460790.14,2026-01-22 22:43:47
GD_100097,KH022,SP06,MIEN_BAC,33,6942487.47,2026-02-01 07:55:50
GD_100098,KH093,SP08,MIEN_BAC,21,2322418.38,2026-03-20 06:59:46
GD_100099,KH060,SP04,MIEN_TRUNG,23,1897882.68,2026-02-03 23:48:08
GD_100100,KH053,SP07,MIEN_NAM,10,3479585.12,2026-02-25 00:12:12
GD_100101,KH085,SP03,MIEN_BAC,18,8354627.48,2026-01-12 10:36:04
GD_100102,KH041,SP05,MIEN_BAC,17,1880845.65,2026-03-02 20:43:43
GD_100103,KH035,SP04,MIEN_BAC,10,1861340.49,2026-01-12 23:09:40
GD_100104,KH035,SP05,MIEN_TRUNG,30,1975972.42,2026-02-08 18:47:12
GD_100105,KH003,SP06,MIEN_TRUNG,27,6787417.58,2026-03-07 22:35:32
GD_100106,KH099,SP08,MIEN_TRUNG,41,2508654.63,2026-03-06 19:41:11
GD_100107,KH098,SP04,MIEN_BAC,23,1877421.69,2026-01-06 19:52:59
GD_100108,KH052,SP03,MIEN_NAM,18,8550083.24,2026-01-25 11:36:28
GD_100109,KH017,SP06,MIEN_TRUNG,42,6977081.16,2026-03-22 20:50:55
GD_100110,KH100,SP08,MIEN_BAC,22,2282820.96,2026-03-15 12:34:01
GD_100111,KH029,SP02,MIEN_TRUNG,18,31445163.75,2026-03-17 16:59:47
GD_100112,KH027,SP08,MIEN_TRUNG,18,2429478.16,2026-02-05 20:50:39
GD_100113,KH011,SP04,MIEN_TRUNG,50,1759607.73,2026-01-10 06:44:48
GD_100114,KH020,SP06,MIEN_NAM,30,6697395.94,2026-03-07 08:32:12
GD_100115,KH022,SP05,MIEN_NAM,37,1933822.62,2026-02-20 15:53:02
GD_100116,KH088,SP03,MIEN_NAM,2,8305243.48,2026-02-10 17:35:20
GD_100117,KH006,SP03,MIEN_TRUNG,47,8511412.32,2026-01-23 11:05:37
GD_100118,KH061,SP06,MIEN_BAC,23,6774294.62,2026-02-16 13:45:51
GD_100119,KH033,SP08,MIEN_BAC,17,2288811.71,2026-02-17 13:47:37
GD_100120,KH018,SP01,MIEN_BAC,24,24384631.98,2026-03-15 07:11:26
GD_100121,KH060,SP04,MIEN_BAC,18,1852274.34,2026-03-13 02:01:24
GD_100122,KH052,SP05,MIEN_NAM,38,1863066.59,2026-02-09 21:22:12
GD_100123,KH009,SP05,MIEN_BAC,40,1870190.07,2026-02-19 11:32:00
GD_100124,KH067,SP06,MIEN_BAC,21,7010785.10,2026-02-04 23:02:44
GD_100125,KH024,SP02,MIEN_TRUNG,12,32829835.18,2026-03-26 14:49:00
GD_100126,KH068,SP07,MIEN_TRUNG,7,3648926.57,2026-01-21 20:37:19
GD_100127,KH004,SP08,MIEN_NAM,14,2382957.14,2026-03-25 01:25:21
GD_100128,KH068,SP03,MIEN_TRUNG,14,8747929.24,2026-01-27 06:44:12
GD_100129,KH100,SP08,MIEN_NAM,36,2442837.89,2026-03-25 04:30:29
GD_100130,KH042,SP06,MIEN_TRUNG,26,6922564.99,2026-03-12 12:03:20
GD_100131,KH070,SP04,MIEN_NAM,39,1859492.13,2026-01-15 20:46:00
GD_100132,KH094,SP03,MIEN_NAM,43,8562001.02,2026-03-19 20:27:10
GD_100133,KH086,SP01,MIEN_BAC,20,26102431.62,2026-01-18 09:04:06
GD_100134,KH018,SP05,MIEN_TRUNG,45,1922046.92,2026-02-14 09:34:21
GD_100135,KH022,SP03,MIEN_TRUNG,4,8713654.75,2026-03-08 00:20:35
GD_100136,KH020,SP07,MIEN_TRUNG,40,3496409.81,2026-02-23 00:26:10
GD_100137,KH004,SP05,MIEN_NAM,33,1923510.57,2026-02-22 16:41:22
GD_100138,KH012,SP08,MIEN_TRUNG,48,2377631.03,2026-03-29 09:27:28
GD_100139,KH042,SP03,MIEN_TRUNG,33,8109232.05,2026-01-01 17:37:37
GD_100140,KH008,SP02,MIEN_BAC,38,33100285.00,2026-03-09 19:33:02
GD_100141,KH033,SP06,MIEN_NAM,11,6902251.73,2026-03-26 09:07:19
GD_100142,KH012,SP07,MIEN_TRUNG,28,3394802.49,2026-03-23 17:33:46
GD_100143,KH022,SP04,MIEN_NAM,43,1936566.50,2026-01-21 15:39:31
GD_100144,KH048,SP03,MIEN_TRUNG,28,8687943.20,2026-02-14 14:26:55
GD_100145,KH047,SP04,MIEN_BAC,41,1894105.63,2026-02-24 06:36:13
GD_100146,KH078,SP08,MIEN_NAM,14,2457372.64,2026-01-12 05:57:24
GD_100147,KH097,SP02,MIEN_BAC,46,32572870.84,2026-03-08 18:56:54
GD_100148,KH021,SP02,MIEN_NAM,14,32451537.07,2026-01-19 09:05:57
GD_100149,KH055,SP01,MIEN_TRUNG,10,25370481.89,2026-03-30 17:00:19
GD_100150,KH082,SP05,MIEN_BAC,48,1923719.27,2026-01-01 22:11:12
GD_100151,KH062,SP08,MIEN_BAC,23,2397161.14,2026-01-14 09:26:27
GD_100152,KH014,SP03,MIEN_TRUNG,15,8899220.66,2026-02-14 06:35:46
GD_100153,KH049,SP01,MIEN_TRUNG,43,25150484.49,2026-03-15 07:03:29
GD_100154,KH033,SP02,MIEN_BAC,30,31507014.79,2026-03-22 04:36:33
GD_100155,KH068,SP02,MIEN_BAC,19,30519136.81,2026-02-27 07:17:07
GD_100156,KH006,SP02,MIEN_TRUNG,29,32206009.41,2026-02-07 11:59:26
GD_100157,KH083,SP08,MIEN_TRUNG,31,2409787.87,2026-01-15 20:45:23
GD_100158,KH041,SP03,MIEN_NAM,7,8408062.10,2026-01-17 07:52:35
GD_100159,KH069,SP05,MIEN_NAM,3,1998541.49,2026-01-07 21:44:02
GD_100160,KH097,SP02,MIEN_TRUNG,22,32695157.39,2026-01-30 19:26:16
GD_100161,KH061,SP04,MIEN_BAC,46,1923380.58,2026-03-09 00:52:36
GD_100162,KH032,SP07,MIEN_NAM,33,3626415.28,2026-01-31 08:27:06
GD_100163,KH054,SP01,MIEN_BAC,16,25239221.42,2026-02-12 13:49:56
GD_100164,KH025,SP02,MIEN_TRUNG,31,32289766.39,2026-02-16 21:05:30
GD_100165,KH068,SP01,MIEN_BAC,14,24711802.45,2026-01-04 07:19:23
GD_100166,KH068,SP08,MIEN_NAM,19,2337848.63,2026-02-20 14:49:56
GD_100167,KH041,SP05,MIEN_BAC,48,1965667.16,2026-02-04 07:38:39
GD_100168,KH078,SP03,MIEN_TRUNG,8,8553336.68,2026-03-20 05:44:37
GD_100169,KH028,SP02,MIEN_TRUNG,11,31863318.52,2026-03-20 10:11:46
GD_100170,KH015,SP02,MIEN_BAC,26,33524572.54,2026-01-24 17:17:48
GD_100171,KH026,SP01,MIEN_BAC,49,25751003.29,2026-02-20 22:41:22
GD_100172,KH035,SP06,MIEN_NAM,17,6670665.25,2026-03-30 11:57:59
GD_100173,KH005,SP04,MIEN_TRUNG,41,1906068.66,2026-02-24 14:21:02
GD_100174,KH015,SP08,MIEN_TRUNG,43,2288537.66,2026-03-27 16:47:12
GD_100175,KH089,SP08,MIEN_TRUNG,41,2504154.86,2026-03-29 14:05:58
GD_100176,KH025,SP08,MIEN_NAM,19,2301861.51,2026-03-05 06:57:44
GD_100177,KH009,SP05,MIEN_NAM,1,1908445.66,2026-03-04 18:06:31
GD_100178,KH006,SP08,MIEN_BAC,5,2492546.78,2026-03-12 15:40:51
GD_100179,KH070,SP03,MIEN_TRUNG,41,8514189.20,2026-02-22 10:47:44
GD_100180,KH031,SP08,MIEN_NAM,35,2364483.00,2026-02-22 02:44:25
GD_100181,KH051,SP08,MIEN_NAM,16,2287546.48,2026-02-10 03:32:19
GD_100182,KH050,SP02,MIEN_BAC,44,32392103.06,2026-01-17 15:47:36
GD_100183,KH031,SP03,MIEN_TRUNG,13,8504120.40,2026-02-02 17:28:52
GD_100184,KH052,SP05,MIEN_TRUNG,42,1885438.60,2026-01-09 23:20:38
GD_100185,KH003,SP06,MIEN_NAM,48,7074487.36,2026-02-25 00:57:09
GD_100186,KH067,SP04,MIEN_BAC,45,1785062.09,2026-03-19 13:34:05
GD_100187,KH042,SP03,MIEN_BAC,36,8173064.64,2026-01-01 03:30:42
GD_100188,KH049,SP02,MIEN_TRUNG,32,32413659.25,2026-03-07 03:09:27
GD_100189,KH073,SP06,MIEN_TRUNG,23,6612422.69,2026-03-08 04:22:04
GD_100190,KH076,SP01,MIEN_TRUNG,17,24344984.07,2026-02-06 15:02:01
GD_100191,KH032,SP05,MIEN_TRUNG,44,1964869.05,2026-02-24 23:52:59
GD_100192,KH023,SP05,MIEN_TRUNG,35,1854544.69,2026-01-03 18:31:52
GD_100193,KH044,SP03,MIEN_TRUNG,30,8576421.82,2026-01-24 13:25:25
GD_100194,KH086,SP08,MIEN_NAM,39,2509080.70,2026-03-06 06:53:34
GD_100195,KH062,SP02,MIEN_NAM,9,30412726.39,2026-02-21 05:03:53
GD_100196,KH040,SP03,MIEN_BAC,17,8092246.19,2026-03-01 01:56:56
GD_100197,KH038,SP03,MIEN_BAC,41,8606548.68,2026-02-13 02:46:43
GD_100198,KH076,SP02,MIEN_NAM,15,33062230.76,2026-02-13 02:13:34
GD_100199,KH009,SP07,MIEN_BAC,29,3594263.70,2026-03-12 16:10:02
GD_100200,KH039,SP05,MIEN_BAC,48,1973800.74,2026-02-15 14:00:51
GD_100201,KH038,SP06,MIEN_NAM,7,6977563.88,2026-01-03 23:23:09
GD_100202,KH027,SP04,MIEN_TRUNG,19,1889325.61,2026-03-15 18:48:02
GD_100203,KH052,SP04,MIEN_TRUNG,43,1817704.74,2026-03-19 16:21:17
GD_100204,KH013,SP04,MIEN_BAC,9,1868787.14,2026-03-04 13:53:09
GD_100205,KH069,SP07,MIEN_NAM,40,3517177.46,2026-03-30 13:03:21
GD_100206,KH070,SP07,MIEN_TRUNG,17,3446672.02,2026-03-31 12:50:47
GD_100207,KH058,SP04,MIEN_NAM,33,1813374.56,2026-03-13 08:31:26
GD_100208,KH080,SP04,MIEN_BAC,11,1914329.28,2026-03-07 01:32:16
GD_100209,KH075,SP03,MIEN_BAC,25,8615910.93,2026-03-08 02:39:14
GD_100210,KH008,SP05,MIEN_TRUNG,3,2008426.92,2026-02-19 21:19:50
GD_100211,KH044,SP05,MIEN_BAC,15,2044384.52,2026-03-03 02:41:44
GD_100212,KH069,SP05,MIEN_TRUNG,40,1951175.07,2026-03-22 17:57:09
GD_100213,KH045,SP07,MIEN_TRUNG,15,3329724.87,2026-02-21 00:55:39
GD_100214,KH055,SP07,MIEN_TRUNG,24,3623949.26,2026-03-19 16:56:33
GD_100215,KH032,SP07,MIEN_BAC,48,3627760.56,2026-01-03 19:53:42
GD_100216,KH014,SP04,MIEN_NAM,12,1848247.96,2026-02-08 05:08:55
GD_100217,KH061,SP03,MIEN_BAC,33,8236083.83,2026-01-04 00:24:28
GD_100218,KH070,SP02,MIEN_NAM,8,31095511.47,2026-01-12 22:53:59
GD_100219,KH059,SP06,MIEN_TRUNG,34,7240550.45,2026-03-02 19:16:23
GD_100220,KH013,SP07,MIEN_NAM,21,3433711.97,2026-01-01 08:00:50
GD_100221,KH013,SP02,MIEN_BAC,43,30882178.48,2026-03-02 21:48:26
GD_100222,KH053,SP02,MIEN_TRUNG,7,33045543.07,2026-01-19 12:18:40
GD_100223,KH071,SP08,MIEN_BAC,39,2323468.45,2026-01-09 09:46:53
GD_100224,KH045,SP04,MIEN_NAM,29,1843758.23,2026-03-24 23:52:10
GD_100225,KH013,SP07,MIEN_NAM,6,3332207.44,2026-02-15 00:39:52
GD_100226,KH055,SP02,MIEN_BAC,32,30596294.37,2026-02-16 04:10:06
GD_100227,KH045,SP02,MIEN_NAM,27,30980495.37,2026-03-04 03:59:41
GD_100228,KH009,SP05,MIEN_TRUNG,35,1954675.57,2026-02-11 05:24:55
GD_100229,KH014,SP06,MIEN_NAM,1,7146023.58,2026-02-28 11:56:40
GD_100230,KH078,SP05,MIEN_BAC,50,2008798.78,2026-03-18 07:15:51
GD_100231,KH014,SP04,MIEN_BAC,49,1771524.73,2026-03-27 01:40:03
GD_100232,KH082,SP02,MIEN_TRUNG,50,32377002.15,2026-01-31 23:42:01
GD_100233,KH055,SP05,MIEN_NAM,48,2013335.50,2026-02-20 20:25:48
GD_100234,KH024,SP07,MIEN_BAC,3,3519431.45,2026-01-25 10:36:21
GD_100235,KH068,SP08,MIEN_BAC,27,2457230.03,2026-03-26 09:12:18
GD_100236,KH034,SP04,MIEN_TRUNG,50,1892147.79,2026-02-12 21:24:00
GD_100237,KH021,SP06,MIEN_TRUNG,20,7212344.30,2026-01-31 05:21:46
GD_100238,KH015,SP04,MIEN_NAM,13,1868660.92,2026-02-02 18:44:51
GD_100239,KH090,SP06,MIEN_TRUNG,41,6639720.13,2026-02-02 15:57:40
GD_100240,KH052,SP07,MIEN_TRUNG,30,3538054.84,2026-03-07 14:19:47
GD_100241,KH014,SP06,MIEN_BAC,49,7024076.15,2026-02-26 17:38:11
GD_100242,KH042,SP07,MIEN_BAC,1,3591219.57,2026-02-07 12:14:57
GD_100243,KH095,SP06,MIEN_BAC,31,6561914.04,2026-02-10 03:11:17
GD_100244,KH060,SP01,MIEN_TRUNG,2,25909184.08,2026-01-29 12:58:45
GD_100245,KH070,SP01,MIEN_NAM,50,24577146.09,2026-01-26 09:38:00
GD_100246,KH050,SP05,MIEN_TRUNG,17,1852935.04,2026-01-22 04:38:12
GD_100247,KH008,SP02,MIEN_NAM,12,30559126.39,2026-02-05 15:27:09
GD_100248,KH080,SP08,MIEN_NAM,44,2427006.46,2026-02-20 02:45:12
GD_100249,KH082,SP01,MIEN_BAC,9,24020234.01,2026-02-10 14:52:10
GD_100250,KH030,SP02,MIEN_TRUNG,5,33305065.21,2026-03-19 02:42:41
GD_100251,KH010,SP07,MIEN_NAM,9,3479282.91,2026-03-22 23:16:39
GD_100252,KH072,SP01,MIEN_BAC,27,26055647.64,2026-02-24 01:18:42
GD_100253,KH087,SP08,MIEN_NAM,4,2379516.80,2026-01-15 12:31:10
GD_100254,KH035,SP03,MIEN_TRUNG,26,8683489.58,2026-01-07 15:38:31
GD_100255,KH059,SP07,MIEN_BAC,29,3547453.51,2026-01-15 06:22:15
GD_100256,KH001,SP05,MIEN_NAM,9,1936301.60,2026-01-27 04:32:19
GD_100257,KH095,SP08,MIEN_TRUNG,40,2316178.65,2026-02-01 04:50:55
GD_100258,KH021,SP05,MIEN_NAM,7,1890197.95,2026-02-07 11:45:07
GD_100259,KH010,SP06,MIEN_BAC,5,7146647.68,2026-01-01 23:23:11
GD_100260,KH047,SP02,MIEN_BAC,36,31100325.11,2026-02-03 00:40:58
GD_100261,KH033,SP02,MIEN_BAC,35,32199237.49,2026-03-22 00:21:51
GD_100262,KH070,SP02,MIEN_TRUNG,15,31884746.21,2026-02-03 18:14:56
GD_100263,KH018,SP03,MIEN_NAM,13,8544450.42,2026-03-08 07:47:31
GD_100264,KH016,SP07,MIEN_BAC,38,3551352.31,2026-02-05 06:11:54
GD_100265,KH025,SP04,MIEN_NAM,24,1845135.00,2026-03-30 07:12:35
GD_100266,KH082,SP03,MIEN_TRUNG,19,8753569.82,2026-03-19 11:53:02
GD_100267,KH069,SP01,MIEN_TRUNG,23,25868758.04,2026-01-22 23:23:27
GD_100268,KH093,SP05,MIEN_BAC,41,2032258.72,2026-03-31 01:07:20
GD_100269,KH040,SP03,MIEN_BAC,30,8408709.18,2026-03-18 16:36:17
GD_100270,KH092,SP02,MIEN_NAM,20,30795347.15,2026-03-07 19:32:41
GD_100271,KH054,SP02,MIEN_BAC,21,31308634.62,2026-01-13 17:07:47
GD_100272,KH090,SP01,MIEN_NAM,19,25640901.88,2026-01-09 17:53:38
GD_100273,KH026,SP04,MIEN_TRUNG,1,1763059.61,2026-01-31 14:23:29
GD_100274,KH026,SP01,MIEN_TRUNG,21,23984449.85,2026-02-18 10:33:02
GD_100275,KH067,SP07,MIEN_TRUNG,22,3514214.16,2026-03-01 18:20:29
GD_100276,KH029,SP01,MIEN_BAC,44,25189520.15,2026-02-17 19:09:13
GD_100277,KH088,SP08,MIEN_TRUNG,28,2294950.02,2026-03-05 05:16:06
GD_100278,KH044,SP06,MIEN_NAM,35,7202007.77,2026-02-23 20:51:56
GD_100279,KH082,SP06,MIEN_BAC,35,7148456.78,2026-01-08 20:29:41
GD_100280,KH082,SP01,MIEN_BAC,30,26083373.59,2026-01-06 01:53:35
GD_100281,KH083,SP01,MIEN_BAC,10,25919016.22,2026-02-15 22:21:31
GD_100282,KH052,SP02,MIEN_TRUNG,42,33158761.70,2026-01-12 19:31:33
GD_100283,KH034,SP02,MIEN_NAM,28,31121785.94,2026-01-21 03:45:08
GD_100284,KH036,SP04,MIEN_BAC,44,1759156.78,2026-01-04 17:28:24
GD_100285,KH095,SP08,MIEN_BAC,12,2374502.23,2026-03-19 22:11:32
GD_100286,KH083,SP03,MIEN_NAM,45,8586827.91,2026-01-18 09:56:36
GD_100287,KH040,SP07,MIEN_BAC,28,3612402.59,2026-02-24 00:02:13
GD_100288,KH056,SP04,MIEN_NAM,26,1827042.40,2026-02-05 17:31:55
GD_100289,KH028,SP08,MIEN_BAC,50,2356158.73,2026-03-11 08:11:07
GD_100290,KH031,SP06,MIEN_TRUNG,6,7145494.29,2026-03-13 19:35:20
GD_100291,KH035,SP03,MIEN_NAM,30,8224438.78,2026-03-12 01:53:37
GD_100292,KH100,SP04,MIEN_BAC,40,1832656.84,2026-03-23 17:15:45
GD_100293,KH059,SP01,MIEN_BAC,47,25963972.77,2026-01-29 04:08:49
GD_100294,KH089,SP02,MIEN_TRUNG,3,31282821.27,2026-03-28 08:28:29
GD_100295,KH100,SP08,MIEN_BAC,45,2474266.79,2026-03-15 20:50:43
GD_100296,KH050,SP07,MIEN_TRUNG,21,3471623.11,2026-01-12 14:50:29
GD_100297,KH090,SP05,MIEN_NAM,46,1863255.97,2026-03-26 01:04:06
GD_100298,KH017,SP04,MIEN_BAC,37,1926586.68,2026-01-22 22:19:09
GD_100299,KH034,SP05,MIEN_NAM,44,1907744.43,2026-01-17 12:37:42
GD_100300,KH073,SP05,MIEN_BAC,18,1942161.89,2026-02-20 06:31:45
GD_100301,KH097,SP02,MIEN_TRUNG,9,31250856.68,2026-01-26 20:44:29
GD_100302,KH051,SP01,MIEN_NAM,26,26157959.50,2026-03-02 00:20:43
GD_100303,KH048,SP07,MIEN_TRUNG,45,3327665.41,2026-02-24 06:53:27
GD_100304,KH001,SP02,MIEN_NAM,2,33536478.94,2026-01-05 04:02:11
GD_100305,KH081,SP06,MIEN_TRUNG,9,6567868.58,2026-02-17 12:43:01
GD_100306,KH007,SP01,MIEN_TRUNG,7,24859217.46,2026-01-05 22:32:38
GD_100307,KH026,SP03,MIEN_BAC,13,8899944.82,2026-01-04 18:23:19
GD_100308,KH048,SP08,MIEN_NAM,13,2288685.91,2026-02-20 23:56:10
GD_100309,KH065,SP08,MIEN_BAC,45,2406976.26,2026-03-16 15:34:49
GD_100310,KH013,SP07,MIEN_TRUNG,26,3623742.94,2026-03-29 04:45:16
GD_100311,KH014,SP05,MIEN_BAC,16,1921817.56,2026-01-08 18:50:41
GD_100312,KH001,SP03,MIEN_NAM,16,8509954.20,2026-01-04 18:43:12
GD_100313,KH007,SP05,MIEN_NAM,41,1892702.90,2026-01-01 16:14:30
GD_100314,KH040,SP03,MIEN_BAC,13,8716923.85,2026-01-09 09:26:22
GD_100315,KH056,SP08,MIEN_NAM,22,2498005.18,2026-01-18 07:26:07
GD_100316,KH076,SP04,MIEN_NAM,6,1922041.16,2026-01-14 10:15:37
GD_100317,KH054,SP08,MIEN_NAM,33,2449063.35,2026-03-17 23:00:24
GD_100318,KH020,SP08,MIEN_BAC,2,2487721.73,2026-03-18 09:14:59
GD_100319,KH064,SP03,MIEN_TRUNG,46,8601149.52,2026-01-20 18:50:39
GD_100320,KH077,SP02,MIEN_TRUNG,13,31029261.08,2026-01-06 23:06:08
GD_100321,KH017,SP08,MIEN_TRUNG,7,2402928.50,2026-01-12 22:37:15
GD_100322,KH048,SP02,MIEN_NAM,38,33152334.16,2026-02-27 17:00:07
GD_100323,KH077,SP02,MIEN_BAC,32,33360238.86,2026-03-06 14:00:55
GD_100324,KH052,SP08,MIEN_BAC,21,2342348.36,2026-03-29 18:38:47
GD_100325,KH041,SP01,MIEN_BAC,26,26170201.92,2026-01-23 07:30:03
GD_100326,KH043,SP02,MIEN_BAC,32,31727693.98,2026-03-23 10:21:45
GD_100327,KH067,SP03,MIEN_BAC,38,8469261.43,2026-01-25 17:43:47
GD_100328,KH071,SP02,MIEN_NAM,18,30779711.19,2026-03-28 19:33:02
GD_100329,KH088,SP03,MIEN_BAC,17,8265557.51,2026-03-14 18:05:32
GD_100330,KH053,SP07,MIEN_NAM,34,3609133.35,2026-02-25 14:09:21
GD_100331,KH004,SP03,MIEN_NAM,34,8696129.35,2026-03-11 10:10:17
GD_100332,KH018,SP05,MIEN_NAM,41,1882677.95,2026-03-14 12:47:32
GD_100333,KH038,SP03,MIEN_BAC,11,8518326.99,2026-02-15 08:22:10
GD_100334,KH089,SP01,MIEN_TRUNG,39,25334300.21,2026-02-05 10:05:49
GD_100335,KH006,SP07,MIEN_NAM,42,3367029.98,2026-02-20 13:49:38
GD_100336,KH076,SP08,MIEN_NAM,20,2309313.88,2026-01-12 16:44:11
GD_100337,KH060,SP01,MIEN_NAM,15,24327565.37,2026-03-02 16:50:40
GD_100338,KH019,SP06,MIEN_NAM,25,6963138.57,2026-03-28 06:48:16
GD_100339,KH096,SP07,MIEN_TRUNG,13,3670565.37,2026-02-15 16:36:04
GD_100340,KH068,SP03,MIEN_BAC,26,8665753.43,2026-03-04 10:12:18
GD_100341,KH066,SP03,MIEN_NAM,45,8802114.38,2026-02-09 02:37:08
GD_100342,KH081,SP02,MIEN_NAM,7,31009243.57,2026-02-03 13:00:09
GD_100343,KH052,SP01,MIEN_BAC,3,23799709.76,2026-01-13 10:30:59
GD_100344,KH028,SP07,MIEN_TRUNG,38,3462411.04,2026-03-29 12:12:43
GD_100345,KH043,SP04,MIEN_BAC,15,1780896.10,2026-01-29 16:50:52
GD_100346,KH100,SP07,MIEN_BAC,21,3336901.91,2026-01-20 13:13:28
GD_100347,KH096,SP06,MIEN_NAM,4,7059072.34,2026-03-19 23:58:58
GD_100348,KH007,SP07,MIEN_NAM,47,3494580.56,2026-01-07 21:32:35
GD_100349,KH093,SP08,MIEN_NAM,42,2309743.37,2026-03-16 00:37:44
GD_100350,KH035,SP04,MIEN_NAM,41,1825193.43,2026-02-10 13:24:15
GD_100351,KH044,SP06,MIEN_NAM,39,7151950.74,2026-03-05 15:11:00
GD_100352,KH053,SP01,MIEN_NAM,21,24384272.64,2026-01-11 12:23:23
GD_100353,KH050,SP02,MIEN_NAM,13,33338278.21,2026-01-03 10:20:27
GD_100354,KH019,SP03,MIEN_BAC,1,8208017.31,2026-02-04 10:01:00
GD_100355,KH021,SP01,MIEN_BAC,46,24044564.00,2026-01-27 10:48:19
GD_100356,KH069,SP03,MIEN_TRUNG,42,8288032.92,2026-01-12 08:10:49
GD_100357,KH066,SP04,MIEN_BAC,8,1862469.03,2026-03-25 14:16:13
GD_100358,KH068,SP03,MIEN_NAM,33,8417293.05,2026-03-03 19:18:36
GD_100359,KH009,SP04,MIEN_BAC,9,1892938.00,2026-03-29 19:24:09
GD_100360,KH093,SP03,MIEN_NAM,12,8875343.02,2026-03-10 03:26:41
GD_100361,KH067,SP07,MIEN_NAM,32,3602581.72,2026-03-18 16:27:31
GD_100362,KH069,SP08,MIEN_BAC,26,2291062.62,2026-03-11 05:47:21
GD_100363,KH002,SP06,MIEN_BAC,11,6752472.75,2026-02-07 14:50:33
GD_100364,KH067,SP06,MIEN_BAC,44,6660114.96,2026-01-14 15:00:33
GD_100365,KH097,SP08,MIEN_BAC,18,2480286.74,2026-01-07 20:08:13
GD_100366,KH082,SP03,MIEN_TRUNG,41,8827613.27,2026-01-31 03:20:38
GD_100367,KH033,SP08,MIEN_BAC,26,2289480.83,2026-03-22 14:15:46
GD_100368,KH096,SP08,MIEN_NAM,15,2427163.05,2026-02-07 23:43:00
GD_100369,KH093,SP01,MIEN_TRUNG,24,24601329.66,2026-01-28 15:16:16
GD_100370,KH074,SP07,MIEN_BAC,30,3328760.95,2026-02-10 02:33:07
GD_100371,KH007,SP06,MIEN_BAC,17,7035202.31,2026-01-23 03:55:23
GD_100372,KH027,SP08,MIEN_TRUNG,39,2320005.34,2026-02-22 19:06:49
GD_100373,KH062,SP08,MIEN_NAM,1,2429724.68,2026-03-31 12:34:19
GD_100374,KH077,SP07,MIEN_BAC,17,3425215.79,2026-03-22 11:08:00
GD_100375,KH077,SP05,MIEN_NAM,16,1942116.58,2026-01-03 14:01:22
GD_100376,KH041,SP07,MIEN_TRUNG,16,3611803.06,2026-03-31 03:31:35
GD_100377,KH017,SP07,MIEN_BAC,44,3646354.35,2026-02-16 08:26:45
GD_100378,KH044,SP07,MIEN_TRUNG,38,3655178.08,2026-02-04 08:41:58
GD_100379,KH011,SP07,MIEN_TRUNG,20,3516182.31,2026-02-18 12:03:58
GD_100380,KH072,SP03,MIEN_NAM,43,8879267.88,2026-01-25 03:58:42
GD_100381,KH074,SP07,MIEN_NAM,12,3336861.75,2026-03-02 18:44:14
GD_100382,KH069,SP08,MIEN_BAC,37,2359735.89,2026-03-12 11:43:34
GD_100383,KH092,SP08,MIEN_NAM,8,2281608.81,2026-03-17 13:49:14
GD_100384,KH073,SP08,MIEN_BAC,43,2285375.26,2026-01-18 02:15:48
GD_100385,KH097,SP03,MIEN_NAM,1,8799891.24,2026-01-02 15:21:09
GD_100386,KH012,SP07,MIEN_TRUNG,10,3671036.87,2026-02-20 14:49:51
GD_100387,KH034,SP05,MIEN_NAM,32,1953212.35,2026-01-05 23:16:32
GD_100388,KH090,SP07,MIEN_TRUNG,10,3421783.14,2026-01-26 20:49:29
GD_100389,KH028,SP02,MIEN_BAC,50,31804905.78,2026-02-11 06:20:46
GD_100390,KH050,SP05,MIEN_NAM,11,1974969.46,2026-01-11 23:20:46
GD_100391,KH056,SP08,MIEN_BAC,29,2423078.74,2026-01-09 05:19:17
GD_100392,KH037,SP02,MIEN_TRUNG,24,33069966.10,2026-01-21 22:57:09
GD_100393,KH098,SP05,MIEN_BAC,29,1977755.45,2026-02-28 15:50:17
GD_100394,KH085,SP07,MIEN_BAC,9,3549527.65,2026-03-25 16:20:58
GD_100395,KH023,SP02,MIEN_TRUNG,38,32241508.34,2026-03-19 10:37:14
GD_100396,KH027,SP04,MIEN_NAM,5,1781039.28,2026-02-11 22:52:30
GD_100397,KH091,SP07,MIEN_TRUNG,27,3655760.48,2026-01-16 06:08:47
GD_100398,KH022,SP08,MIEN_NAM,15,2406301.49,2026-03-16 17:34:41
GD_100399,KH016,SP03,MIEN_TRUNG,18,8706889.18,2026-02-17 11:04:32
GD_100400,KH012,SP06,MIEN_TRUNG,2,7171601.72,2026-03-07 01:18:45
GD_100401,KH017,SP06,MIEN_NAM,40,6679909.72,2026-02-17 15:56:18
GD_100402,KH038,SP03,MIEN_BAC,25,8888606.00,2026-02-18 03:27:20
GD_100403,KH073,SP04,MIEN_BAC,7,1847692.27,2026-02-09 05:50:57
GD_100404,KH028,SP05,MIEN_BAC,10,1936328.23,2026-03-19 08:34:59
GD_100405,KH005,SP07,MIEN_TRUNG,17,3435097.07,2026-03-25 07:07:43
GD_100406,KH010,SP02,MIEN_BAC,24,32358088.44,2026-03-15 08:10:55
GD_100407,KH037,SP07,MIEN_NAM,37,3475548.37,2026-02-05 00:45:12
GD_100408,KH082,SP05,MIEN_BAC,48,2001172.02,2026-01-05 11:10:03
GD_100409,KH004,SP08,MIEN_TRUNG,18,2450946.06,2026-02-01 09:41:52
GD_100410,KH015,SP05,MIEN_TRUNG,8,2042021.42,2026-01-11 19:47:47
GD_100411,KH027,SP04,MIEN_NAM,24,1836767.41,2026-01-26 00:48:37
GD_100412,KH098,SP01,MIEN_TRUNG,46,25832646.70,2026-03-29 00:15:53
GD_100413,KH060,SP02,MIEN_TRUNG,22,33052250.42,2026-03-17 13:39:32
GD_100414,KH090,SP07,MIEN_NAM,1,3349633.11,2026-01-12 03:18:04
GD_100415,KH074,SP06,MIEN_TRUNG,19,7202763.38,2026-01-30 23:04:44
GD_100416,KH049,SP02,MIEN_BAC,7,33576765.12,2026-02-17 09:16:14
GD_100417,KH045,SP04,MIEN_TRUNG,41,1874982.48,2026-03-15 12:54:39
GD_100418,KH009,SP01,MIEN_TRUNG,11,24627741.64,2026-02-25 11:48:38
GD_100419,KH096,SP01,MIEN_TRUNG,40,25762806.01,2026-01-16 22:43:15
GD_100420,KH084,SP02,MIEN_TRUNG,42,32012930.10,2026-03-22 03:42:50
GD_100421,KH095,SP01,MIEN_BAC,38,25259410.65,2026-01-25 05:38:15
GD_100422,KH010,SP05,MIEN_NAM,15,1947205.64,2026-01-23 08:33:52
GD_100423,KH028,SP07,MIEN_TRUNG,37,3590109.37,2026-02-24 23:21:21
GD_100424,KH041,SP02,MIEN_BAC,34,31444703.05,2026-01-29 00:19:47
GD_100425,KH019,SP05,MIEN_BAC,20,1904276.61,2026-03-11 18:54:17
GD_100426,KH066,SP01,MIEN_BAC,38,24417714.59,2026-02-28 21:00:34
GD_100427,KH065,SP01,MIEN_TRUNG,25,24673239.91,2026-02-20 16:11:24
GD_100428,KH046,SP07,MIEN_TRUNG,50,3373204.03,2026-02-01 20:16:16
GD_100429,KH024,SP05,MIEN_BAC,50,1937317.89,2026-02-20 13:32:05
GD_100430,KH054,SP04,MIEN_BAC,2,1876824.39,2026-02-08 17:36:07
GD_100431,KH011,SP04,MIEN_BAC,32,1904014.65,2026-01-03 05:29:50
GD_100432,KH053,SP05,MIEN_NAM,27,1978966.62,2026-03-04 15:18:35
GD_100433,KH080,SP02,MIEN_TRUNG,20,32501064.09,2026-01-24 21:34:10
GD_100434,KH010,SP08,MIEN_TRUNG,6,2501467.20,2026-01-22 12:43:21
GD_100435,KH089,SP01,MIEN_BAC,18,24900538.35,2026-02-13 01:27:59
GD_100436,KH050,SP04,MIEN_TRUNG,36,1853553.50,2026-02-09 05:47:56
GD_100437,KH084,SP02,MIEN_TRUNG,1,31386617.56,2026-03-19 05:52:22
GD_100438,KH090,SP05,MIEN_NAM,34,1936550.53,2026-01-07 13:22:31
GD_100439,KH030,SP05,MIEN_NAM,28,1972339.29,2026-01-31 11:43:27
GD_100440,KH055,SP04,MIEN_NAM,18,1792356.69,2026-02-26 15:19:50
GD_100441,KH088,SP06,MIEN_BAC,47,6833178.46,2026-03-15 18:21:15
GD_100442,KH015,SP01,MIEN_TRUNG,29,26063031.59,2026-02-03 23:20:37
GD_100443,KH049,SP08,MIEN_TRUNG,8,2500536.89,2026-01-15 02:48:56
GD_100444,KH089,SP05,MIEN_TRUNG,25,1930417.54,2026-01-08 13:02:30
GD_100445,KH022,SP03,MIEN_NAM,12,8500039.95,2026-01-27 01:19:59
GD_100446,KH071,SP06,MIEN_NAM,43,7234138.01,2026-03-21 19:07:58
GD_100447,KH071,SP01,MIEN_NAM,44,24668021.14,2026-03-02 17:00:01
GD_100448,KH060,SP08,MIEN_TRUNG,5,2479383.13,2026-02-06 18:38:09
GD_100449,KH067,SP08,MIEN_TRUNG,17,2417173.53,2026-02-26 23:43:15
GD_100450,KH052,SP02,MIEN_BAC,39,31866863.00,2026-03-26 08:33:51
GD_100451,KH083,SP06,MIEN_BAC,32,6788820.41,2026-02-11 15:25:51
GD_100452,KH002,SP06,MIEN_BAC,49,6756151.62,2026-02-21 09:11:39
GD_100453,KH025,SP07,MIEN_BAC,4,3514244.59,2026-03-12 05:56:55
GD_100454,KH064,SP06,MIEN_NAM,5,6825326.24,2026-01-19 04:22:18
GD_100455,KH034,SP05,MIEN_TRUNG,30,1865667.02,2026-02-13 22:58:31
GD_100456,KH034,SP04,MIEN_BAC,41,1809013.86,2026-03-21 16:33:27
GD_100457,KH026,SP03,MIEN_NAM,5,8556771.32,2026-02-13 00:11:07
GD_100458,KH022,SP03,MIEN_TRUNG,4,8248821.57,2026-02-01 17:10:46
GD_100459,KH059,SP06,MIEN_NAM,21,6921402.96,2026-02-16 03:23:40
GD_100460,KH063,SP08,MIEN_TRUNG,22,2446538.71,2026-02-04 05:43:20
GD_100461,KH061,SP02,MIEN_NAM,8,33524151.11,2026-03-25 17:16:10
GD_100462,KH050,SP03,MIEN_TRUNG,14,8703732.22,2026-02-21 12:56:57
GD_100463,KH025,SP03,MIEN_BAC,6,8886122.47,2026-03-26 16:21:44
GD_100464,KH036,SP06,MIEN_NAM,47,6744702.83,2026-02-01 00:32:19
GD_100465,KH016,SP02,MIEN_BAC,37,31066336.48,2026-03-03 15:22:08
GD_100466,KH066,SP08,MIEN_NAM,26,2377100.94,2026-03-16 23:09:34
GD_100467,KH090,SP05,MIEN_BAC,5,1912337.27,2026-02-15 09:14:14
GD_100468,KH026,SP03,MIEN_NAM,6,8215520.04,2026-03-15 09:19:21
GD_100469,KH035,SP06,MIEN_NAM,50,7173867.34,2026-03-28 09:24:12
GD_100470,KH063,SP08,MIEN_NAM,15,2321665.85,2026-02-13 11:09:03
GD_100471,KH035,SP05,MIEN_NAM,19,1895946.79,2026-01-04 20:13:21
GD_100472,KH074,SP07,MIEN_BAC,12,3506973.71,2026-01-31 00:20:04
GD_100473,KH027,SP02,MIEN_BAC,14,31029946.60,2026-02-25 23:12:50
GD_100474,KH012,SP04,MIEN_TRUNG,7,1875426.04,2026-03-09 13:16:18
GD_100475,KH079,SP06,MIEN_BAC,19,7156653.61,2026-03-30 03:03:17
GD_100476,KH038,SP02,MIEN_BAC,35,31623225.36,2026-01-17 10:32:12
GD_100477,KH084,SP08,MIEN_NAM,9,2367229.15,2026-01-15 12:46:17
GD_100478,KH004,SP05,MIEN_TRUNG,10,1929611.94,2026-03-28 08:39:35
GD_100479,KH009,SP02,MIEN_TRUNG,44,32922968.79,2026-03-11 06:57:49
GD_100480,KH050,SP03,MIEN_BAC,40,8910738.26,2026-02-02 22:44:43
GD_100481,KH070,SP04,MIEN_BAC,48,1870749.75,2026-01-06 18:14:00
GD_100482,KH023,SP08,MIEN_NAM,4,2519044.57,2026-02-05 00:52:52
GD_100483,KH019,SP07,MIEN_BAC,48,3528124.57,2026-02-11 16:49:39
GD_100484,KH003,SP06,MIEN_BAC,6,7225799.04,2026-03-03 04:37:53
GD_100485,KH066,SP04,MIEN_NAM,2,1938514.69,2026-03-02 23:05:54
GD_100486,KH005,SP08,MIEN_NAM,20,2477673.80,2026-02-01 17:15:23
GD_100487,KH047,SP06,MIEN_BAC,50,6678222.15,2026-01-17 11:04:46
GD_100488,KH027,SP05,MIEN_TRUNG,35,1954402.47,2026-01-23 10:02:19
GD_100489,KH007,SP03,MIEN_NAM,26,8685066.20,2026-01-25 20:21:49
GD_100490,KH079,SP01,MIEN_TRUNG,38,25055355.69,2026-01-22 08:21:14
GD_100491,KH031,SP05,MIEN_NAM,1,2007118.22,2026-02-03 01:23:15
GD_100492,KH076,SP01,MIEN_TRUNG,28,24035877.34,2026-03-01 21:52:51
GD_100493,KH017,SP03,MIEN_BAC,24,8351288.01,2026-03-26 19:28:06
GD_100494,KH043,SP05,MIEN_TRUNG,16,2007345.96,2026-01-28 12:20:06
GD_100495,KH064,SP05,MIEN_BAC,43,1920741.70,2026-02-28 08:36:39
GD_100496,KH073,SP06,MIEN_TRUNG,24,6983323.60,2026-01-19 11:14:47
GD_100497,KH095,SP03,MIEN_TRUNG,35,8148736.86,2026-01-05 09:45:56
GD_100498,KH098,SP04,MIEN_TRUNG,27,1774374.24,2026-01-19 12:11:28
GD_100499,KH089,SP08,MIEN_NAM,1,2437118.19,2026-02-13 11:08:35
GD_100500,KH047,SP03,MIEN_BAC,33,8081097.75,2026-02-17 23:16:58
GD_100501,KH067,SP07,MIEN_NAM,21,3581912.00,2026-01-12 00:36:11
GD_100502,KH088,SP04,MIEN_TRUNG,43,1845068.31,2026-01-12 01:43:06
GD_100503,KH019,SP06,MIEN_NAM,38,7111572.16,2026-03-20 13:31:49
GD_100504,KH091,SP03,MIEN_BAC,31,8352110.65,2026-01-23 23:12:25
GD_100505,KH059,SP01,MIEN_TRUNG,48,24926876.45,2026-01-03 13:57:54
GD_100506,KH065,SP01,MIEN_TRUNG,4,25094406.33,2026-01-16 04:58:23
GD_100507,KH058,SP08,MIEN_NAM,9,2381050.80,2026-03-21 15:24:09
GD_100508,KH036,SP06,MIEN_NAM,32,6758431.88,2026-01-22 23:45:49
GD_100509,KH054,SP01,MIEN_BAC,14,24048591.48,2026-01-29 03:39:17
GD_100510,KH089,SP02,MIEN_BAC,11,31696951.01,2026-01-27 18:06:27
GD_100511,KH088,SP03,MIEN_NAM,22,8883027.05,2026-01-10 22:45:11
GD_100512,KH042,SP03,MIEN_NAM,26,8917763.46,2026-02-02 20:40:56
GD_100513,KH062,SP07,MIEN_BAC,48,3602743.09,2026-03-06 04:15:07
GD_100514,KH020,SP07,MIEN_NAM,24,3521732.38,2026-03-30 22:25:21
GD_100515,KH092,SP02,MIEN_TRUNG,33,32769918.26,2026-02-22 09:05:04
GD_100516,KH100,SP04,MIEN_TRUNG,15,1908972.51,2026-02-27 01:35:46
GD_100517,KH077,SP01,MIEN_BAC,31,23842911.45,2026-01-10 06:54:56
GD_100518,KH029,SP02,MIEN_BAC,22,31996412.35,2026-03-28 08:59:38
GD_100519,KH050,SP01,MIEN_NAM,26,25238956.82,2026-03-27 13:25:40
GD_100520,KH062,SP07,MIEN_BAC,18,3649469.85,2026-02-27 17:38:17
GD_100521,KH058,SP04,MIEN_BAC,28,1850788.18,2026-03-06 15:19:31
GD_100522,KH099,SP02,MIEN_BAC,48,31853583.81,2026-02-11 22:36:36
GD_100523,KH091,SP01,MIEN_NAM,19,25955461.34,2026-01-19 13:29:04
GD_100524,KH050,SP06,MIEN_TRUNG,37,6843682.60,2026-03-10 05:49:46
GD_100525,KH049,SP01,MIEN_NAM,28,25431221.42,2026-01-25 00:36:39
GD_100526,KH057,SP06,MIEN_BAC,48,6871704.96,2026-01-10 19:42:25
GD_100527,KH043,SP05,MIEN_BAC,31,1982288.11,2026-01-22 03:41:41
GD_100528,KH082,SP04,MIEN_BAC,19,1898652.19,2026-03-15 13:16:21
GD_100529,KH030,SP07,MIEN_TRUNG,25,3565049.66,2026-01-19 08:40:25
GD_100530,KH002,SP05,MIEN_BAC,26,1870989.55,2026-01-09 22:29:54
GD_100531,KH016,SP04,MIEN_NAM,7,1845633.09,2026-01-18 20:20:57
GD_100532,KH007,SP06,MIEN_BAC,1,7015309.76,2026-03-29 16:31:06
GD_100533,KH082,SP05,MIEN_TRUNG,8,1925136.81,2026-01-18 12:32:05
GD_100534,KH014,SP07,MIEN_TRUNG,33,3493446.03,2026-02-15 08:18:13
GD_100535,KH065,SP05,MIEN_BAC,45,2037924.62,2026-01-20 11:19:01
GD_100536,KH083,SP02,MIEN_BAC,15,31743351.31,2026-02-16 14:26:39
GD_100537,KH045,SP02,MIEN_NAM,49,33436944.93,2026-03-08 12:51:05
GD_100538,KH021,SP06,MIEN_BAC,41,6777639.61,2026-03-07 23:44:22
GD_100539,KH055,SP06,MIEN_NAM,29,6768912.84,2026-02-18 09:25:18
GD_100540,KH017,SP07,MIEN_NAM,4,3655772.50,2026-01-14 13:01:02
GD_100541,KH008,SP03,MIEN_BAC,25,8880979.84,2026-02-12 23:42:17
GD_100542,KH077,SP08,MIEN_NAM,27,2387216.94,2026-02-11 10:37:06
GD_100543,KH051,SP07,MIEN_TRUNG,31,3350388.89,2026-02-06 16:13:32
GD_100544,KH076,SP08,MIEN_NAM,5,2383023.78,2026-02-23 00:27:08
GD_100545,KH073,SP02,MIEN_TRUNG,33,32555094.56,2026-01-04 00:45:10
GD_100546,KH080,SP04,MIEN_TRUNG,50,1844594.49,2026-03-09 01:05:07
GD_100547,KH060,SP05,MIEN_TRUNG,25,2024667.34,2026-01-14 05:15:08
GD_100548,KH039,SP06,MIEN_TRUNG,42,6985745.32,2026-01-05 08:47:47
GD_100549,KH033,SP08,MIEN_NAM,50,2412276.38,2026-03-04 14:27:33
GD_100550,KH095,SP01,MIEN_BAC,36,24151362.08,2026-03-18 19:09:43
GD_100551,KH078,SP06,MIEN_BAC,3,6764532.23,2026-02-28 00:17:20
GD_100552,KH100,SP08,MIEN_BAC,20,2283480.40,2026-01-15 11:01:35
GD_100553,KH045,SP03,MIEN_NAM,37,8435180.48,2026-02-16 09:51:50
GD_100554,KH056,SP04,MIEN_TRUNG,28,1815589.33,2026-02-03 19:21:15
GD_100555,KH015,SP01,MIEN_BAC,31,23868763.42,2026-03-18 20:32:20
GD_100556,KH058,SP07,MIEN_NAM,47,3407237.83,2026-02-02 17:31:42
GD_100557,KH006,SP05,MIEN_TRUNG,43,1964623.22,2026-03-09 07:17:03
GD_100558,KH076,SP02,MIEN_BAC,11,33457176.72,2026-01-14 01:34:01
GD_100559,KH050,SP03,MIEN_BAC,37,8230110.83,2026-03-06 06:02:48
GD_100560,KH058,SP01,MIEN_BAC,36,25975717.37,2026-03-12 17:23:23
GD_100561,KH064,SP05,MIEN_BAC,48,1903903.29,2026-03-07 09:53:53
GD_100562,KH017,SP05,MIEN_TRUNG,21,1877389.41,2026-01-16 23:29:47
GD_100563,KH083,SP06,MIEN_NAM,41,6732322.02,2026-01-23 12:42:52
GD_100564,KH097,SP06,MIEN_NAM,37,6857493.18,2026-03-21 02:03:28
GD_100565,KH006,SP05,MIEN_NAM,19,1892998.19,2026-01-09 15:13:18
GD_100566,KH057,SP03,MIEN_NAM,26,8838325.57,2026-01-19 16:19:26
GD_100567,KH077,SP06,MIEN_BAC,33,7195441.97,2026-01-10 18:10:36
GD_100568,KH097,SP07,MIEN_NAM,5,3644391.86,2026-01-26 09:39:24
GD_100569,KH065,SP02,MIEN_NAM,16,33329885.01,2026-03-21 03:49:00
GD_100570,KH024,SP05,MIEN_BAC,33,1940302.95,2026-01-20 14:57:40
GD_100571,KH005,SP01,MIEN_BAC,3,24205565.32,2026-03-10 02:53:43
GD_100572,KH079,SP08,MIEN_TRUNG,47,2388920.56,2026-03-31 20:15:02
GD_100573,KH048,SP08,MIEN_BAC,33,2407816.17,2026-02-22 16:23:41
GD_100574,KH011,SP01,MIEN_TRUNG,5,23781999.77,2026-01-10 16:51:46
GD_100575,KH006,SP03,MIEN_NAM,9,8101865.09,2026-03-12 06:56:30
GD_100576,KH027,SP01,MIEN_BAC,24,25730281.09,2026-02-18 11:29:58
GD_100577,KH064,SP02,MIEN_NAM,16,31989801.66,2026-02-11 14:34:07
GD_100578,KH021,SP08,MIEN_TRUNG,12,2288743.89,2026-01-26 23:09:43
GD_100579,KH045,SP04,MIEN_NAM,5,1831699.15,2026-02-21 09:07:43
GD_100580,KH071,SP02,MIEN_BAC,50,32841941.20,2026-03-26 15:56:14
GD_100581,KH026,SP04,MIEN_BAC,26,1907055.94,2026-01-02 13:01:16
GD_100582,KH005,SP02,MIEN_NAM,6,30985749.01,2026-03-02 20:09:02
GD_100583,KH007,SP07,MIEN_BAC,28,3365267.68,2026-03-23 06:46:29
GD_100584,KH002,SP06,MIEN_BAC,37,6991694.63,2026-03-22 14:59:15
GD_100585,KH030,SP03,MIEN_TRUNG,9,8356132.66,2026-03-22 06:11:52
GD_100586,KH003,SP08,MIEN_TRUNG,48,2468608.18,2026-01-09 16:35:15
GD_100587,KH033,SP07,MIEN_BAC,29,3470950.93,2026-01-13 10:23:12
GD_100588,KH055,SP06,MIEN_TRUNG,9,6727730.30,2026-01-09 16:19:58
GD_100589,KH026,SP02,MIEN_NAM,18,32698718.43,2026-03-10 08:55:24
GD_100590,KH050,SP03,MIEN_NAM,14,8218080.44,2026-03-31 04:44:50
GD_100591,KH044,SP04,MIEN_TRUNG,9,1845367.87,2026-02-06 09:49:32
GD_100592,KH096,SP04,MIEN_NAM,38,1783189.20,2026-02-01 21:32:10
GD_100593,KH014,SP01,MIEN_NAM,11,25172512.97,2026-03-14 12:34:27
GD_100594,KH079,SP03,MIEN_BAC,20,8210989.96,2026-01-12 21:10:59
GD_100595,KH036,SP04,MIEN_NAM,15,1816199.19,2026-02-15 21:05:33
GD_100596,KH094,SP08,MIEN_NAM,7,2283382.37,2026-03-18 15:58:37
GD_100597,KH071,SP04,MIEN_TRUNG,22,1840831.16,2026-03-15 04:31:41
GD_100598,KH073,SP07,MIEN_NAM,40,3621780.88,2026-02-01 11:32:13
GD_100599,KH025,SP01,MIEN_TRUNG,22,24653505.65,2026-01-12 11:18:22
GD_100600,KH084,SP02,MIEN_NAM,50,30760737.64,2026-02-19 11:45:13
GD_100601,KH063,SP03,MIEN_TRUNG,41,8353059.40,2026-01-04 09:48:12
GD_100602,KH014,SP06,MIEN_BAC,30,6681571.36,2026-03-26 19:39:03
GD_100603,KH055,SP02,MIEN_NAM,12,32570241.84,2026-03-17 21:07:03
GD_100604,KH093,SP02,MIEN_BAC,36,31249702.75,2026-02-04 00:24:58
GD_100605,KH045,SP05,MIEN_TRUNG,5,1974131.09,2026-02-17 10:16:26
GD_100606,KH007,SP04,MIEN_BAC,2,1871864.63,2026-01-22 07:50:07
GD_100607,KH096,SP05,MIEN_NAM,41,2046035.31,2026-01-30 22:40:07
GD_100608,KH080,SP02,MIEN_TRUNG,7,32293001.06,2026-02-17 11:40:15
GD_100609,KH004,SP02,MIEN_BAC,31,32146198.90,2026-02-27 01:59:39
GD_100610,KH075,SP03,MIEN_NAM,19,8796144.39,2026-03-16 10:04:17
GD_100611,KH037,SP02,MIEN_TRUNG,2,31501575.94,2026-03-27 13:48:12
GD_100612,KH030,SP06,MIEN_TRUNG,3,6599727.82,2026-01-11 02:12:50
GD_100613,KH075,SP07,MIEN_BAC,10,3345555.03,2026-01-24 23:59:29
GD_100614,KH083,SP05,MIEN_BAC,34,1905928.16,2026-01-01 05:10:24
GD_100615,KH026,SP05,MIEN_NAM,49,1942230.06,2026-01-28 17:57:05
GD_100616,KH013,SP06,MIEN_NAM,20,6955244.88,2026-03-23 02:44:52
GD_100617,KH059,SP01,MIEN_BAC,15,24327640.09,2026-02-01 23:46:38
GD_100618,KH049,SP03,MIEN_TRUNG,49,8677065.93,2026-01-06 19:16:53
GD_100619,KH015,SP02,MIEN_NAM,36,33139009.03,2026-02-01 09:46:55
GD_100620,KH029,SP01,MIEN_BAC,1,25641075.07,2026-03-18 09:20:01
GD_100621,KH002,SP02,MIEN_BAC,45,31089911.28,2026-02-28 17:26:26
GD_100622,KH013,SP01,MIEN_NAM,29,24082286.91,2026-02-16 12:28:28
GD_100623,KH016,SP08,MIEN_NAM,9,2352621.41,2026-01-31 22:46:30
GD_100624,KH075,SP05,MIEN_TRUNG,49,1863465.57,2026-02-06 07:40:58
GD_100625,KH019,SP04,MIEN_TRUNG,6,1902859.74,2026-01-09 21:43:42
GD_100626,KH026,SP01,MIEN_NAM,45,25361506.11,2026-01-16 01:23:04
GD_100627,KH055,SP05,MIEN_TRUNG,18,1859814.15,2026-02-24 12:31:38
GD_100628,KH015,SP07,MIEN_TRUNG,22,3546399.01,2026-02-08 06:14:11
GD_100629,KH005,SP07,MIEN_BAC,50,3661929.23,2026-01-21 18:20:47
GD_100630,KH023,SP05,MIEN_TRUNG,47,2036185.35,2026-02-06 20:39:44
GD_100631,KH081,SP06,MIEN_TRUNG,27,7014179.85,2026-03-10 02:48:45
GD_100632,KH063,SP06,MIEN_TRUNG,7,6871809.08,2026-01-27 15:43:15
GD_100633,KH055,SP05,MIEN_NAM,9,1874135.54,2026-01-04 21:56:14
GD_100634,KH064,SP08,MIEN_NAM,45,2479813.83,2026-03-21 15:09:51
GD_100635,KH063,SP06,MIEN_BAC,44,6586748.55,2026-01-06 16:01:34
GD_100636,KH005,SP04,MIEN_NAM,14,1811084.82,2026-01-27 12:27:24
GD_100637,KH074,SP04,MIEN_BAC,10,1871818.64,2026-02-13 10:05:33
GD_100638,KH044,SP01,MIEN_BAC,30,24862878.46,2026-02-27 11:44:39
GD_100639,KH035,SP05,MIEN_NAM,24,1876467.63,2026-03-13 10:52:05
GD_100640,KH028,SP02,MIEN_BAC,37,31693075.16,2026-03-10 01:09:16
GD_100641,KH095,SP02,MIEN_NAM,13,32735800.94,2026-03-12 16:26:02
GD_100642,KH005,SP08,MIEN_BAC,7,2319750.31,2026-03-27 09:58:31
GD_100643,KH071,SP01,MIEN_TRUNG,47,24600323.85,2026-03-25 11:31:50
GD_100644,KH056,SP01,MIEN_NAM,25,25903671.80,2026-01-28 21:24:39
GD_100645,KH048,SP05,MIEN_BAC,10,1983400.03,2026-02-18 15:44:04
GD_100646,KH044,SP08,MIEN_NAM,8,2330092.01,2026-02-06 06:36:20
GD_100647,KH014,SP07,MIEN_TRUNG,49,3364597.55,2026-02-14 17:21:54
GD_100648,KH049,SP06,MIEN_NAM,22,7043436.36,2026-02-09 14:28:19
GD_100649,KH043,SP02,MIEN_TRUNG,29,30574829.75,2026-01-24 07:07:49
GD_100650,KH084,SP07,MIEN_TRUNG,43,3535082.41,2026-02-08 01:59:17
GD_100651,KH046,SP04,MIEN_TRUNG,26,1815095.39,2026-01-14 02:15:00
GD_100652,KH025,SP08,MIEN_BAC,34,2359354.49,2026-02-22 20:14:16
GD_100653,KH095,SP04,MIEN_BAC,9,1908940.15,2026-02-02 15:46:39
GD_100654,KH047,SP07,MIEN_NAM,50,3565210.06,2026-03-17 00:03:40
GD_100655,KH033,SP07,MIEN_TRUNG,3,3648776.44,2026-01-16 10:57:50
GD_100656,KH028,SP08,MIEN_NAM,47,2510490.30,2026-03-01 00:22:18
GD_100657,KH050,SP02,MIEN_NAM,7,31945599.97,2026-01-31 09:53:57
GD_100658,KH082,SP08,MIEN_NAM,3,2492150.59,2026-01-17 07:57:49
GD_100659,KH033,SP02,MIEN_TRUNG,33,31257549.04,2026-02-21 08:50:20
GD_100660,KH048,SP06,MIEN_TRUNG,11,7110051.38,2026-03-19 13:44:34
GD_100661,KH096,SP03,MIEN_TRUNG,22,8859520.17,2026-02-28 17:19:59
GD_100662,KH043,SP04,MIEN_TRUNG,12,1783503.46,2026-02-06 14:56:14
GD_100663,KH080,SP04,MIEN_NAM,4,1871235.94,2026-01-10 18:14:53
GD_100664,KH085,SP02,MIEN_BAC,38,33525710.63,2026-01-02 02:23:03
GD_100665,KH092,SP03,MIEN_BAC,32,8803385.42,2026-03-31 06:11:34
GD_100666,KH019,SP02,MIEN_BAC,11,30687524.87,2026-03-27 23:12:56
GD_100667,KH034,SP07,MIEN_NAM,15,3423328.71,2026-03-29 21:18:49
GD_100668,KH028,SP06,MIEN_TRUNG,37,6818617.91,2026-01-25 20:43:53
GD_100669,KH099,SP07,MIEN_NAM,3,3450975.46,2026-03-28 15:54:27
GD_100670,KH036,SP06,MIEN_TRUNG,27,6739176.66,2026-01-14 23:27:20
GD_100671,KH017,SP04,MIEN_TRUNG,47,1860592.48,2026-01-10 16:42:48
GD_100672,KH053,SP03,MIEN_BAC,34,8561606.17,2026-03-12 08:08:09
GD_100673,KH049,SP05,MIEN_TRUNG,38,1992416.44,2026-03-16 13:27:00
GD_100674,KH002,SP08,MIEN_NAM,14,2366613.99,2026-03-12 17:37:15
GD_100675,KH040,SP04,MIEN_BAC,35,1832366.37,2026-02-08 21:44:10
GD_100676,KH096,SP08,MIEN_TRUNG,35,2486841.64,2026-01-05 22:07:09
GD_100677,KH055,SP05,MIEN_NAM,30,1899189.54,2026-02-04 04:02:31
GD_100678,KH073,SP07,MIEN_BAC,33,3450659.33,2026-02-07 21:32:20
GD_100679,KH091,SP02,MIEN_TRUNG,33,32162682.46,2026-01-09 02:26:55
GD_100680,KH018,SP01,MIEN_BAC,43,24419871.23,2026-03-01 20:56:58
GD_100681,KH062,SP02,MIEN_NAM,2,30440876.01,2026-03-09 04:24:22
GD_100682,KH019,SP05,MIEN_TRUNG,2,1860893.05,2026-02-01 15:25:17
GD_100683,KH099,SP02,MIEN_BAC,47,33284168.10,2026-02-28 07:41:48
GD_100684,KH032,SP01,MIEN_TRUNG,37,24198656.43,2026-01-28 16:06:04
GD_100685,KH012,SP01,MIEN_TRUNG,1,24524474.35,2026-02-01 12:58:42
GD_100686,KH063,SP05,MIEN_BAC,19,2034361.78,2026-02-21 13:53:55
GD_100687,KH050,SP01,MIEN_BAC,6,26188758.77,2026-02-07 12:31:22
GD_100688,KH035,SP07,MIEN_BAC,50,3503364.33,2026-01-22 23:01:05
GD_100689,KH014,SP05,MIEN_BAC,16,1995795.34,2026-03-12 06:05:39
GD_100690,KH089,SP02,MIEN_BAC,21,31127426.88,2026-01-01 17:09:11
GD_100691,KH020,SP06,MIEN_BAC,20,6611035.36,2026-01-19 03:16:49
GD_100692,KH011,SP02,MIEN_BAC,41,32816812.33,2026-01-02 04:01:39
GD_100693,KH048,SP06,MIEN_BAC,22,6921717.50,2026-01-16 02:07:38
GD_100694,KH002,SP05,MIEN_NAM,44,1860163.97,2026-02-10 20:40:21
GD_100695,KH069,SP08,MIEN_TRUNG,41,2283509.04,2026-03-14 10:46:05
GD_100696,KH016,SP03,MIEN_BAC,7,8659103.05,2026-02-02 22:48:34
GD_100697,KH062,SP08,MIEN_TRUNG,44,2486674.27,2026-03-07 17:06:45
GD_100698,KH034,SP07,MIEN_BAC,4,3386821.49,2026-02-08 19:47:15
GD_100699,KH061,SP02,MIEN_TRUNG,49,32688703.18,2026-02-10 09:39:56
GD_100700,KH071,SP05,MIEN_NAM,41,1935500.98,2026-02-20 07:33:18
GD_100701,KH048,SP07,MIEN_TRUNG,48,3573748.55,2026-01-23 02:40:41
GD_100702,KH006,SP08,MIEN_BAC,33,2429906.16,2026-01-09 06:55:58
GD_100703,KH077,SP08,MIEN_TRUNG,22,2302104.71,2026-01-03 02:11:21
GD_100704,KH094,SP06,MIEN_BAC,27,6779968.57,2026-03-27 23:43:46
GD_100705,KH071,SP07,MIEN_BAC,35,3432261.32,2026-03-07 09:12:23
GD_100706,KH089,SP07,MIEN_NAM,37,3445885.44,2026-01-20 06:49:37
GD_100707,KH033,SP02,MIEN_NAM,10,31877606.69,2026-02-01 18:08:59
GD_100708,KH026,SP02,MIEN_NAM,40,31698390.96,2026-01-24 09:09:44
GD_100709,KH035,SP08,MIEN_BAC,42,2429388.36,2026-02-07 09:58:31
GD_100710,KH003,SP05,MIEN_NAM,46,1980222.19,2026-03-21 14:09:22
GD_100711,KH015,SP05,MIEN_TRUNG,27,1997254.08,2026-03-08 17:02:01
GD_100712,KH024,SP05,MIEN_NAM,24,2000451.10,2026-02-15 03:38:51
GD_100713,KH035,SP04,MIEN_TRUNG,46,1882355.71,2026-01-04 01:45:40
GD_100714,KH028,SP03,MIEN_BAC,4,8423307.55,2026-02-18 14:47:52
GD_100715,KH030,SP05,MIEN_NAM,40,1859473.29,2026-03-13 16:33:56
GD_100716,KH023,SP08,MIEN_NAM,38,2315117.96,2026-01-16 22:10:00
GD_100717,KH034,SP04,MIEN_TRUNG,11,1929670.63,2026-03-01 13:56:01
GD_100718,KH067,SP07,MIEN_TRUNG,41,3510656.33,2026-02-15 12:31:32
GD_100719,KH005,SP04,MIEN_TRUNG,25,1806419.93,2026-03-12 06:29:24
GD_100720,KH062,SP01,MIEN_BAC,32,25890596.42,2026-02-01 11:41:43
GD_100721,KH036,SP01,MIEN_TRUNG,6,26190214.08,2026-03-01 08:51:47
GD_100722,KH089,SP06,MIEN_NAM,32,6712692.38,2026-03-16 01:09:40
GD_100723,KH023,SP03,MIEN_NAM,37,8180071.74,2026-01-20 17:45:14
GD_100724,KH010,SP08,MIEN_NAM,49,2500647.11,2026-01-05 16:25:29
GD_100725,KH093,SP06,MIEN_BAC,17,7133902.59,2026-02-17 02:14:54
GD_100726,KH014,SP07,MIEN_TRUNG,27,3517289.38,2026-01-12 11:56:48
GD_100727,KH035,SP06,MIEN_NAM,40,7189312.74,2026-01-21 09:23:42
GD_100728,KH033,SP03,MIEN_NAM,2,8317151.80,2026-03-27 06:39:33
GD_100729,KH042,SP05,MIEN_NAM,34,1940493.13,2026-03-10 08:39:44
GD_100730,KH029,SP06,MIEN_TRUNG,11,6926664.62,2026-03-11 19:41:50
GD_100731,KH038,SP07,MIEN_NAM,6,3384243.43,2026-03-19 00:12:52
GD_100732,KH019,SP08,MIEN_TRUNG,50,2395702.75,2026-01-18 02:45:58
GD_100733,KH055,SP03,MIEN_BAC,4,8153840.63,2026-02-17 15:58:02
GD_100734,KH061,SP05,MIEN_BAC,28,2003449.57,2026-01-10 20:40:36
GD_100735,KH022,SP03,MIEN_TRUNG,11,8393538.27,2026-02-17 13:00:35
GD_100736,KH080,SP01,MIEN_TRUNG,6,24905893.45,2026-03-23 07:33:48
GD_100737,KH050,SP03,MIEN_NAM,33,8294399.48,2026-01-10 15:38:39
GD_100738,KH099,SP06,MIEN_BAC,17,6910683.94,2026-03-11 09:04:07
GD_100739,KH055,SP01,MIEN_TRUNG,35,23823411.07,2026-03-23 10:53:09
GD_100740,KH086,SP03,MIEN_TRUNG,12,8740556.12,2026-03-13 00:21:23
GD_100741,KH083,SP03,MIEN_NAM,12,8860949.94,2026-01-27 05:59:32
GD_100742,KH041,SP07,MIEN_BAC,1,3435069.76,2026-01-22 09:26:50
GD_100743,KH095,SP05,MIEN_BAC,10,1915638.84,2026-01-10 04:01:40
GD_100744,KH098,SP03,MIEN_NAM,8,8901147.89,2026-03-10 06:19:01
GD_100745,KH039,SP02,MIEN_NAM,38,31274007.02,2026-01-16 13:34:15
GD_100746,KH089,SP02,MIEN_BAC,18,31417030.62,2026-02-08 10:30:31
GD_100747,KH044,SP04,MIEN_TRUNG,13,1935216.41,2026-02-21 13:00:38
GD_100748,KH019,SP04,MIEN_TRUNG,48,1894369.11,2026-02-20 00:34:19
GD_100749,KH029,SP08,MIEN_BAC,20,2470195.69,2026-02-18 16:36:52
GD_100750,KH048,SP01,MIEN_NAM,12,24197611.86,2026-01-15 05:18:08
GD_100751,KH018,SP03,MIEN_TRUNG,19,8574310.23,2026-01-06 04:51:16
GD_100752,KH059,SP04,MIEN_NAM,17,1919804.77,2026-03-16 03:15:33
GD_100753,KH084,SP06,MIEN_NAM,15,6955852.58,2026-03-15 09:54:40
GD_100754,KH025,SP06,MIEN_TRUNG,1,7081858.57,2026-02-03 02:44:58
GD_100755,KH042,SP05,MIEN_BAC,38,1861201.66,2026-02-22 23:48:42
GD_100756,KH040,SP06,MIEN_BAC,16,6702265.54,2026-03-02 17:01:52
GD_100757,KH031,SP01,MIEN_TRUNG,20,23998310.58,2026-02-12 03:11:35
GD_100758,KH040,SP05,MIEN_NAM,46,1894127.18,2026-01-18 09:14:12
GD_100759,KH002,SP08,MIEN_BAC,24,2433647.39,2026-02-07 16:48:21
GD_100760,KH033,SP07,MIEN_NAM,19,3509846.63,2026-02-25 00:33:47
GD_100761,KH090,SP07,MIEN_NAM,31,3618844.60,2026-01-26 15:14:01
GD_100762,KH005,SP05,MIEN_NAM,40,2045796.43,2026-02-06 21:07:50
GD_100763,KH007,SP07,MIEN_BAC,18,3373804.30,2026-02-18 17:19:42
GD_100764,KH011,SP08,MIEN_NAM,23,2337718.56,2026-03-18 13:19:31
GD_100765,KH050,SP02,MIEN_BAC,21,32244530.42,2026-01-12 16:15:52
GD_100766,KH097,SP06,MIEN_NAM,42,7081971.16,2026-01-03 23:15:13
GD_100767,KH022,SP02,MIEN_NAM,14,30722401.05,2026-01-11 11:37:59
GD_100768,KH034,SP06,MIEN_BAC,40,7130856.12,2026-03-15 04:16:09
GD_100769,KH042,SP08,MIEN_NAM,35,2296485.10,2026-01-29 08:56:13
GD_100770,KH058,SP04,MIEN_NAM,1,1906168.04,2026-02-08 12:54:59
GD_100771,KH079,SP05,MIEN_NAM,11,1968236.12,2026-02-19 11:59:13
GD_100772,KH038,SP05,MIEN_BAC,25,1917680.27,2026-01-23 23:27:46
GD_100773,KH063,SP01,MIEN_BAC,1,23770705.53,2026-03-26 12:39:14
GD_100774,KH049,SP03,MIEN_NAM,7,8249479.38,2026-03-14 08:38:34
GD_100775,KH014,SP05,MIEN_NAM,9,2014382.54,2026-01-16 02:10:43
GD_100776,KH082,SP06,MIEN_NAM,5,7066592.98,2026-03-28 14:00:56
GD_100777,KH061,SP04,MIEN_TRUNG,10,1925947.01,2026-02-07 06:29:52
GD_100778,KH083,SP04,MIEN_NAM,46,1932210.28,2026-03-12 03:35:23
GD_100779,KH052,SP08,MIEN_TRUNG,26,2459498.79,2026-03-24 01:30:53
GD_100780,KH070,SP01,MIEN_BAC,26,25569594.33,2026-03-11 20:53:42
GD_100781,KH010,SP04,MIEN_BAC,11,1761774.52,2026-03-24 20:01:32
GD_100782,KH057,SP05,MIEN_NAM,43,1925974.44,2026-02-01 02:52:37
GD_100783,KH064,SP03,MIEN_TRUNG,23,8911894.51,2026-02-16 09:44:04
GD_100784,KH051,SP07,MIEN_TRUNG,32,3478546.01,2026-03-16 13:57:19
GD_100785,KH030,SP05,MIEN_BAC,33,1961623.15,2026-01-03 15:08:33
GD_100786,KH022,SP04,MIEN_TRUNG,15,1822071.30,2026-03-07 04:39:46
GD_100787,KH093,SP02,MIEN_TRUNG,35,32459766.77,2026-02-10 21:43:29
GD_100788,KH030,SP06,MIEN_BAC,19,6847128.41,2026-01-28 05:19:38
GD_100789,KH026,SP04,MIEN_NAM,38,1812127.41,2026-01-22 13:25:39
GD_100790,KH094,SP01,MIEN_NAM,4,24404141.62,2026-03-30 13:17:05
GD_100791,KH040,SP02,MIEN_BAC,16,33574141.43,2026-02-04 08:13:03
GD_100792,KH063,SP03,MIEN_NAM,31,8179905.77,2026-01-07 04:09:51
GD_100793,KH084,SP04,MIEN_BAC,11,1847904.32,2026-03-25 11:04:17
GD_100794,KH026,SP01,MIEN_TRUNG,20,24699508.04,2026-03-18 02:45:50
GD_100795,KH010,SP07,MIEN_BAC,39,3433045.57,2026-01-31 09:41:34
GD_100796,KH045,SP04,MIEN_TRUNG,42,1898603.21,2026-03-19 02:47:03
GD_100797,KH095,SP04,MIEN_BAC,20,1866539.59,2026-02-12 08:44:25
GD_100798,KH039,SP01,MIEN_TRUNG,35,26054674.04,2026-01-17 13:59:32
GD_100799,KH014,SP06,MIEN_BAC,31,7209060.64,2026-03-12 18:33:31
GD_100800,KH013,SP03,MIEN_TRUNG,32,8648437.30,2026-01-30 03:26:12
GD_100801,KH051,SP03,MIEN_NAM,8,8104217.57,2026-03-28 15:21:08
GD_100802,KH017,SP06,MIEN_TRUNG,35,6918684.94,2026-03-26 03:37:08
GD_100803,KH045,SP02,MIEN_NAM,34,32117007.66,2026-02-23 04:36:45
GD_100804,KH032,SP03,MIEN_BAC,37,8893261.27,2026-03-25 17:58:14
GD_100805,KH087,SP04,MIEN_TRUNG,50,1815512.02,2026-02-25 21:39:15
GD_100806,KH015,SP05,MIEN_BAC,43,1925335.23,2026-02-02 04:52:11
GD_100807,KH065,SP04,MIEN_NAM,17,1901918.22,2026-03-22 05:56:38
GD_100808,KH056,SP04,MIEN_NAM,36,1886237.16,2026-01-30 16:45:11
GD_100809,KH097,SP08,MIEN_BAC,42,2441560.01,2026-02-22 04:20:03
GD_100810,KH033,SP03,MIEN_BAC,38,8131017.57,2026-03-15 09:16:04
GD_100811,KH067,SP02,MIEN_TRUNG,36,30609023.59,2026-03-02 01:57:14
GD_100812,KH001,SP07,MIEN_NAM,44,3496681.10,2026-03-06 23:53:37
GD_100813,KH064,SP02,MIEN_NAM,30,30830427.59,2026-03-10 17:06:59
GD_100814,KH085,SP05,MIEN_NAM,24,1928055.56,2026-01-25 14:04:02
GD_100815,KH077,SP04,MIEN_NAM,24,1940549.33,2026-02-03 15:13:08
GD_100816,KH048,SP07,MIEN_NAM,1,3592131.38,2026-02-14 21:55:38
GD_100817,KH027,SP04,MIEN_BAC,17,1816703.67,2026-03-01 10:06:19
GD_100818,KH018,SP07,MIEN_NAM,9,3539451.83,2026-01-22 18:23:15
GD_100819,KH021,SP06,MIEN_TRUNG,13,6931382.94,2026-02-02 06:46:24
GD_100820,KH015,SP06,MIEN_NAM,17,7166553.78,2026-03-05 07:10:09
GD_100821,KH018,SP07,MIEN_BAC,44,3457838.40,2026-03-19 07:10:21
GD_100822,KH022,SP05,MIEN_NAM,38,2028261.96,2026-02-21 23:47:13
GD_100823,KH088,SP08,MIEN_NAM,16,2414042.49,2026-02-12 01:02:31
GD_100824,KH055,SP03,MIEN_TRUNG,1,8804556.74,2026-01-14 20:33:07
GD_100825,KH079,SP03,MIEN_TRUNG,3,8105687.85,2026-01-15 22:57:52
GD_100826,KH078,SP08,MIEN_TRUNG,6,2356989.39,2026-02-16 14:19:49
GD_100827,KH068,SP06,MIEN_NAM,45,6757266.74,2026-01-09 19:05:05
GD_100828,KH002,SP04,MIEN_BAC,30,1850061.29,2026-02-26 22:42:40
GD_100829,KH061,SP04,MIEN_TRUNG,45,1784014.27,2026-03-26 07:17:37
GD_100830,KH060,SP02,MIEN_NAM,3,32514320.47,2026-03-05 20:11:25
GD_100831,KH058,SP02,MIEN_BAC,35,31333965.72,2026-03-26 08:26:46
GD_100832,KH053,SP04,MIEN_BAC,43,1920375.89,2026-01-05 10:07:12
GD_100833,KH040,SP01,MIEN_TRUNG,27,23920023.83,2026-02-21 13:45:56
GD_100834,KH059,SP03,MIEN_BAC,9,8294934.95,2026-02-10 14:31:29
GD_100835,KH091,SP07,MIEN_NAM,47,3327986.35,2026-02-17 20:58:15
GD_100836,KH038,SP05,MIEN_BAC,14,1960594.95,2026-01-02 05:09:37
GD_100837,KH047,SP02,MIEN_NAM,19,30648399.84,2026-01-05 10:33:12
GD_100838,KH032,SP02,MIEN_NAM,27,33141934.25,2026-01-15 05:47:30
GD_100839,KH038,SP04,MIEN_NAM,32,1872972.49,2026-03-16 14:10:39
GD_100840,KH004,SP04,MIEN_NAM,36,1884286.80,2026-03-14 06:29:39
GD_100841,KH046,SP08,MIEN_BAC,15,2326606.18,2026-02-15 11:52:47
GD_100842,KH048,SP06,MIEN_BAC,35,7143549.73,2026-02-16 00:32:51
GD_100843,KH001,SP03,MIEN_TRUNG,21,8632276.59,2026-01-15 11:24:45
GD_100844,KH036,SP02,MIEN_NAM,10,32828187.44,2026-01-27 06:02:17
GD_100845,KH065,SP04,MIEN_BAC,4,1874380.87,2026-02-20 11:00:53
GD_100846,KH025,SP05,MIEN_NAM,20,1870973.33,2026-03-17 04:06:25
GD_100847,KH035,SP07,MIEN_TRUNG,12,3479493.70,2026-03-08 12:31:35
GD_100848,KH023,SP06,MIEN_BAC,19,6581645.47,2026-01-23 12:31:55
GD_100849,KH057,SP04,MIEN_BAC,17,1761123.88,2026-01-01 07:50:12
GD_100850,KH018,SP05,MIEN_NAM,39,2031120.44,2026-03-17 00:29:17
GD_100851,KH099,SP05,MIEN_TRUNG,19,2025957.38,2026-03-10 08:13:45
GD_100852,KH082,SP08,MIEN_BAC,7,2301979.29,2026-02-26 04:57:13
GD_100853,KH063,SP05,MIEN_NAM,21,2004836.53,2026-03-04 04:24:52
GD_100854,KH041,SP01,MIEN_NAM,32,25312699.34,2026-01-31 03:47:39
GD_100855,KH013,SP08,MIEN_BAC,22,2515037.08,2026-03-06 23:46:25
GD_100856,KH073,SP01,MIEN_NAM,17,24398847.74,2026-01-30 11:06:53
GD_100857,KH022,SP06,MIEN_BAC,10,7012126.24,2026-03-06 05:14:43
GD_100858,KH100,SP07,MIEN_TRUNG,17,3366449.57,2026-02-22 17:05:26
GD_100859,KH028,SP08,MIEN_NAM,50,2458429.62,2026-01-24 15:45:35
GD_100860,KH075,SP07,MIEN_BAC,36,3545038.80,2026-03-14 11:51:17
GD_100861,KH070,SP03,MIEN_TRUNG,21,8823161.37,2026-03-03 05:19:50
GD_100862,KH057,SP03,MIEN_TRUNG,40,8569030.11,2026-03-30 05:12:58
GD_100863,KH068,SP05,MIEN_BAC,44,1863474.46,2026-01-16 06:21:38
GD_100864,KH056,SP06,MIEN_BAC,16,7063538.03,2026-01-26 08:22:12
GD_100865,KH043,SP02,MIEN_BAC,24,31969549.49,2026-02-07 11:36:19
GD_100866,KH008,SP05,MIEN_TRUNG,39,1926479.06,2026-03-26 00:07:11
GD_100867,KH023,SP08,MIEN_BAC,46,2363312.14,2026-02-04 00:02:27
GD_100868,KH010,SP08,MIEN_TRUNG,18,2393097.18,2026-01-18 04:20:43
GD_100869,KH061,SP08,MIEN_TRUNG,23,2443695.85,2026-03-21 22:08:29
GD_100870,KH073,SP04,MIEN_NAM,10,1913154.42,2026-02-10 18:18:36
GD_100871,KH077,SP06,MIEN_NAM,43,7035123.03,2026-03-16 10:09:33
GD_100872,KH030,SP06,MIEN_NAM,34,6765621.14,2026-03-18 03:13:09
GD_100873,KH022,SP04,MIEN_TRUNG,30,1802004.96,2026-03-11 01:02:56
GD_100874,KH025,SP06,MIEN_BAC,15,6768404.20,2026-01-13 00:32:36
GD_100875,KH017,SP06,MIEN_BAC,44,7139102.38,2026-03-31 01:01:16
GD_100876,KH006,SP03,MIEN_NAM,9,8560728.35,2026-02-18 05:56:10
GD_100877,KH064,SP08,MIEN_TRUNG,29,2371673.41,2026-02-09 09:28:31
GD_100878,KH048,SP06,MIEN_BAC,30,7038948.75,2026-01-16 19:03:37
GD_100879,KH088,SP06,MIEN_BAC,46,6872985.02,2026-01-09 06:46:31
GD_100880,KH067,SP08,MIEN_TRUNG,42,2487455.92,2026-03-25 13:06:04
GD_100881,KH003,SP02,MIEN_NAM,24,32912616.33,2026-01-16 00:24:45
GD_100882,KH075,SP04,MIEN_TRUNG,47,1794334.38,2026-03-27 05:41:15
GD_100883,KH041,SP02,MIEN_BAC,31,31612749.47,2026-02-13 07:54:56
GD_100884,KH037,SP06,MIEN_TRUNG,25,6782416.92,2026-03-03 15:25:49
GD_100885,KH097,SP01,MIEN_NAM,6,25072208.48,2026-01-19 20:48:14
GD_100886,KH075,SP08,MIEN_BAC,39,2457020.83,2026-02-24 04:02:42
GD_100887,KH012,SP02,MIEN_TRUNG,6,32419573.50,2026-01-07 04:37:30
GD_100888,KH090,SP03,MIEN_BAC,39,8575564.71,2026-01-09 19:54:27
GD_100889,KH081,SP06,MIEN_NAM,7,7087371.61,2026-01-21 19:41:53
GD_100890,KH006,SP06,MIEN_BAC,7,6880556.37,2026-02-10 04:58:00
GD_100891,KH048,SP07,MIEN_NAM,4,3343147.73,2026-02-07 12:45:40
GD_100892,KH055,SP03,MIEN_TRUNG,13,8285939.44,2026-01-28 10:52:41
GD_100893,KH041,SP06,MIEN_NAM,12,7027486.33,2026-03-17 01:50:21
GD_100894,KH021,SP01,MIEN_NAM,2,25960428.21,2026-01-25 04:49:38
GD_100895,KH018,SP06,MIEN_BAC,4,6912211.70,2026-03-31 07:58:15
GD_100896,KH058,SP05,MIEN_NAM,31,1901436.41,2026-02-13 04:04:52
GD_100897,KH071,SP08,MIEN_NAM,33,2310418.45,2026-02-24 12:25:39
GD_100898,KH041,SP08,MIEN_NAM,14,2420842.34,2026-01-21 07:46:32
GD_100899,KH031,SP02,MIEN_NAM,5,32304508.12,2026-01-02 19:20:51
GD_100900,KH010,SP04,MIEN_BAC,1,1809704.36,2026-02-04 12:23:32
GD_100901,KH063,SP07,MIEN_BAC,28,3505819.04,2026-03-28 23:52:47
GD_100902,KH047,SP05,MIEN_TRUNG,32,1863979.12,2026-02-07 01:56:48
GD_100903,KH062,SP08,MIEN_TRUNG,2,2364030.12,2026-02-08 23:24:54
GD_100904,KH094,SP05,MIEN_NAM,35,1861314.84,2026-01-05 13:47:05
GD_100905,KH026,SP05,MIEN_TRUNG,37,1941795.54,2026-02-11 18:58:07
GD_100906,KH097,SP03,MIEN_TRUNG,24,8433138.55,2026-02-27 23:06:42
GD_100907,KH015,SP06,MIEN_NAM,31,7197455.42,2026-01-03 14:38:09
GD_100908,KH092,SP08,MIEN_BAC,29,2321472.80,2026-02-07 18:19:30
GD_100909,KH020,SP05,MIEN_NAM,48,1933043.89,2026-03-12 08:52:09
GD_100910,KH052,SP08,MIEN_BAC,22,2328989.13,2026-01-04 04:12:04
GD_100911,KH086,SP07,MIEN_BAC,12,3519057.53,2026-01-04 20:56:23
GD_100912,KH040,SP08,MIEN_NAM,34,2295303.93,2026-02-18 01:52:12
GD_100913,KH053,SP01,MIEN_NAM,37,25929623.30,2026-02-28 06:47:07
GD_100914,KH085,SP08,MIEN_NAM,17,2432752.81,2026-02-06 23:45:18
GD_100915,KH026,SP08,MIEN_BAC,31,2336902.98,2026-03-10 12:18:11
GD_100916,KH067,SP06,MIEN_NAM,2,6733838.97,2026-01-17 09:46:07
GD_100917,KH062,SP08,MIEN_NAM,3,2420026.87,2026-01-18 16:27:29
GD_100918,KH018,SP07,MIEN_TRUNG,18,3359342.75,2026-01-01 20:12:04
GD_100919,KH025,SP06,MIEN_NAM,32,7017367.03,2026-01-30 19:47:14
GD_100920,KH026,SP06,MIEN_BAC,25,6901216.02,2026-02-19 22:25:45
GD_100921,KH097,SP03,MIEN_NAM,35,8086205.07,2026-03-03 06:39:22
GD_100922,KH011,SP03,MIEN_BAC,3,8804449.24,2026-02-12 08:43:55
GD_100923,KH096,SP06,MIEN_NAM,44,6573736.10,2026-02-24 10:52:03
GD_100924,KH017,SP01,MIEN_TRUNG,33,24719625.96,2026-01-14 02:47:01
GD_100925,KH016,SP02,MIEN_BAC,10,33462736.97,2026-01-24 02:59:31
GD_100926,KH090,SP06,MIEN_NAM,48,7182024.05,2026-01-11 08:55:26
GD_100927,KH099,SP01,MIEN_BAC,38,26077123.22,2026-01-27 12:03:46
GD_100928,KH008,SP08,MIEN_NAM,32,2345807.19,2026-01-04 13:56:47
GD_100929,KH051,SP02,MIEN_BAC,27,31748916.88,2026-03-07 20:53:07
GD_100930,KH048,SP03,MIEN_TRUNG,24,8553793.79,2026-02-11 02:34:02
GD_100931,KH013,SP08,MIEN_TRUNG,26,2344771.36,2026-01-07 22:30:53
GD_100932,KH012,SP06,MIEN_BAC,32,7129019.47,2026-03-26 10:33:12
GD_100933,KH030,SP02,MIEN_NAM,24,31526925.29,2026-01-10 13:08:25
GD_100934,KH019,SP07,MIEN_NAM,47,3537726.82,2026-02-09 13:07:33
GD_100935,KH043,SP04,MIEN_NAM,35,1875957.02,2026-02-28 18:08:47
GD_100936,KH045,SP03,MIEN_NAM,37,8775262.68,2026-03-28 11:42:00
GD_100937,KH061,SP08,MIEN_BAC,48,2393089.19,2026-01-13 09:43:41
GD_100938,KH072,SP05,MIEN_NAM,4,1929607.07,2026-01-04 17:49:47
GD_100939,KH044,SP04,MIEN_BAC,22,1916052.82,2026-02-14 00:56:22
GD_100940,KH014,SP02,MIEN_NAM,41,30635060.86,2026-02-04 07:17:04
GD_100941,KH094,SP08,MIEN_NAM,25,2281791.90,2026-03-09 01:53:25
GD_100942,KH026,SP06,MIEN_BAC,12,6616563.05,2026-01-01 19:10:34
GD_100943,KH068,SP01,MIEN_TRUNG,36,24259361.35,2026-03-14 21:22:16
GD_100944,KH031,SP03,MIEN_NAM,5,8605805.50,2026-02-06 18:52:32
GD_100945,KH098,SP08,MIEN_NAM,31,2435496.10,2026-03-25 01:48:19
GD_100946,KH034,SP01,MIEN_NAM,35,24941552.42,2026-01-31 20:40:21
GD_100947,KH076,SP08,MIEN_NAM,11,2479180.97,2026-02-28 08:40:40
GD_100948,KH085,SP05,MIEN_NAM,2,1979249.27,2026-01-28 17:40:08
GD_100949,KH097,SP03,MIEN_TRUNG,15,8699190.09,2026-03-12 12:35:45
GD_100950,KH080,SP08,MIEN_BAC,30,2383279.36,2026-01-29 00:38:25
GD_100951,KH008,SP07,MIEN_NAM,49,3349109.78,2026-01-27 21:31:42
GD_100952,KH071,SP08,MIEN_TRUNG,45,2310048.82,2026-03-28 13:45:30
GD_100953,KH061,SP01,MIEN_NAM,23,25266769.01,2026-02-01 09:59:04
GD_100954,KH056,SP06,MIEN_BAC,2,6900699.50,2026-01-16 03:05:04
GD_100955,KH076,SP06,MIEN_TRUNG,20,7091858.72,2026-01-12 15:59:57
GD_100956,KH091,SP06,MIEN_NAM,42,6868266.95,2026-01-07 12:04:41
GD_100957,KH071,SP04,MIEN_BAC,6,1934851.90,2026-01-04 09:38:36
GD_100958,KH024,SP04,MIEN_TRUNG,40,1801124.51,2026-01-03 09:33:15
GD_100959,KH064,SP02,MIEN_NAM,28,31654211.07,2026-03-03 23:16:55
GD_100960,KH034,SP08,MIEN_NAM,28,2383946.42,2026-01-20 17:06:47
GD_100961,KH077,SP05,MIEN_TRUNG,2,1926667.97,2026-02-22 00:51:43
GD_100962,KH002,SP05,MIEN_TRUNG,42,1865023.21,2026-03-02 18:38:53
GD_100963,KH074,SP04,MIEN_NAM,21,1894730.33,2026-02-20 18:11:01
GD_100964,KH018,SP08,MIEN_BAC,49,2404264.28,2026-03-15 20:56:20
GD_100965,KH100,SP05,MIEN_BAC,47,2021665.69,2026-01-23 15:33:39
GD_100966,KH093,SP05,MIEN_NAM,50,1920609.55,2026-03-05 11:47:33
GD_100967,KH049,SP08,MIEN_BAC,25,2417694.97,2026-03-01 17:10:42
GD_100968,KH028,SP06,MIEN_NAM,47,7009624.03,2026-02-03 10:38:53
GD_100969,KH091,SP02,MIEN_BAC,43,33436814.68,2026-03-06 23:40:44
GD_100970,KH014,SP01,MIEN_TRUNG,41,25791661.56,2026-03-30 10:47:54
GD_100971,KH075,SP06,MIEN_TRUNG,33,6896787.62,2026-03-18 08:09:55
GD_100972,KH015,SP02,MIEN_BAC,34,31567248.31,2026-02-09 16:32:41
GD_100973,KH006,SP06,MIEN_NAM,10,6803371.60,2026-02-15 07:38:19
GD_100974,KH082,SP01,MIEN_BAC,49,26210463.66,2026-01-15 20:45:17
GD_100975,KH053,SP05,MIEN_BAC,39,2035143.91,2026-01-30 10:50:34
GD_100976,KH097,SP02,MIEN_BAC,45,32250537.07,2026-01-01 12:54:56
GD_100977,KH044,SP05,MIEN_TRUNG,14,1863111.71,2026-01-19 16:02:45
GD_100978,KH004,SP04,MIEN_TRUNG,11,1924646.77,2026-01-21 03:04:44
GD_100979,KH023,SP07,MIEN_TRUNG,44,3464012.10,2026-03-01 18:05:30
GD_100980,KH058,SP06,MIEN_BAC,39,6899778.19,2026-01-24 06:49:08
GD_100981,KH059,SP02,MIEN_NAM,9,31082862.75,2026-02-04 18:44:23
GD_100982,KH020,SP02,MIEN_BAC,3,33061059.33,2026-03-21 22:10:27
GD_100983,KH056,SP06,MIEN_BAC,41,6732674.61,2026-03-03 19:43:40
GD_100984,KH075,SP05,MIEN_TRUNG,7,2045039.42,2026-03-04 08:39:53
GD_100985,KH066,SP07,MIEN_TRUNG,5,3436194.38,2026-02-23 22:37:04
GD_100986,KH080,SP04,MIEN_BAC,22,1838369.17,2026-02-23 03:09:02
GD_100987,KH023,SP03,MIEN_BAC,45,8483701.85,2026-01-03 23:33:56
GD_100988,KH061,SP02,MIEN_TRUNG,3,33265153.29,2026-01-12 02:17:24
GD_100989,KH024,SP01,MIEN_TRUNG,49,24340441.69,2026-01-12 23:10:49
GD_100990,KH015,SP05,MIEN_TRUNG,42,1859576.85,2026-03-06 21:58:34
GD_100991,KH018,SP04,MIEN_TRUNG,45,1873160.84,2026-01-13 03:12:17
GD_100992,KH083,SP07,MIEN_TRUNG,20,3431290.09,2026-03-19 14:14:25
GD_100993,KH059,SP02,MIEN_BAC,14,30999649.82,2026-03-04 14:58:02
GD_100994,KH020,SP08,MIEN_TRUNG,19,2394457.42,2026-01-30 09:56:47
GD_100995,KH041,SP08,MIEN_TRUNG,28,2446101.42,2026-03-04 14:58:44
GD_100996,KH075,SP05,MIEN_BAC,50,1884326.87,2026-03-12 05:33:12
GD_100997,KH060,SP03,MIEN_NAM,34,8821522.84,2026-01-29 15:21:02
GD_100998,KH028,SP07,MIEN_NAM,24,3340782.89,2026-02-18 20:56:14
GD_100999,KH054,SP02,MIEN_BAC,9,30780703.24,2026-03-05 02:08:59
GD_101000,KH075,SP07,MIEN_TRUNG,24,3424951.15,2026-03-17 11:48:05
